Div,Date,HomeTeam,AwayTeam,HTR,HTTeam,HTPoints,HTWins,HTDraws,HTLooses,HTHomeWins,HTHomeDraws,HTHomeLooses,HTAwayWins,HTAwayDraws,HTAwayLooses,HTGoals,HTGoalsAgainst,HTHomeGoals,HTAwayGoals,HTHomeGoalsAgainst,HTAwayGoalsAgainst,HTPosition,HTShoots,HTShootsAgainst,HTHomeShoots,HTAwayShoots,HTHomeShootsAgainst,HTAwayShootsAgainst,HTShootsOnTarget,HTShootsAgainstOnTarget,HTHomeShootsOnTarget,HTAwayShootsOnTarget,HTHomeShootsAgainstOnTarget,HTAwayShootsAgainstOnTarget,HTShootsHitWoodwork,HTShootsAgainstHitWoodwork,HTHomeShootsHitWoodwork,HTAwayShootsHitWoodwork,HTHomeShootsAgainstHitWoodwork,HTAwayShootsAgainstHitWoodwork,HTCorners,HTCornersAgainst,HTHomeCorners,HTAwayCorners,HTHomeCornersAgainst,HTAwayCornersAgainst,HTFouls,HTFoulsReceived,HTHomeFouls,HTAwayFouls,HTHomeFoulsReceived,HTAwayFoulsReceived,HTOffsides,HTOffsidesAgainst,HTHomeOffsides,HTAwayOffsides,HTHomeOffsidesAgainst,HTAwayOffsidesAgainst,HTYellowCards,HTYellowCardsAgainst,HTHomeYellowCards,HTAwayYellowCards,HTHomeYellowCardsAgainst,HTAwayYellowCardsAgainst,HTRedCards,HTRedCardsAgainst,HTHomeRedCards,HTAwayRedCards,HTHomeRedCardsAgainst,HTAwayRedCardsAgainst,ATTeam,ATPoints,ATWins,ATDraws,ATLooses,ATHomeWins,ATHomeDraws,ATHomeLooses,ATAwayWins,ATAwayDraws,ATAwayLooses,ATGoals,ATGoalsAgainst,ATHomeGoals,ATAwayGoals,ATHomeGoalsAgainst,ATAwayGoalsAgainst,ATPosition,ATShoots,ATShootsAgainst,ATHomeShoots,ATAwayShoots,ATHomeShootsAgainst,ATAwayShootsAgainst,ATShootsOnTarget,ATShootsAgainstOnTarget,ATHomeShootsOnTarget,ATAwayShootsOnTarget,ATHomeShootsAgainstOnTarget,ATAwayShootsAgainstOnTarget,ATShootsHitWoodwork,ATShootsAgainstHitWoodwork,ATHomeShootsHitWoodwork,ATAwayShootsHitWoodwork,ATHomeShootsAgainstHitWoodwork,ATAwayShootsAgainstHitWoodwork,ATCorners,ATCornersAgainst,ATHomeCorners,ATAwayCorners,ATHomeCornersAgainst,ATAwayCornersAgainst,ATFouls,ATFoulsReceived,ATHomeFouls,ATAwayFouls,ATHomeFoulsReceived,ATAwayFoulsReceived,ATOffsides,ATOffsidesAgainst,ATHomeOffsides,ATAwayOffsides,ATHomeOffsidesAgainst,ATAwayOffsidesAgainst,ATYellowCards,ATYellowCardsAgainst,ATHomeYellowCards,ATAwayYellowCards,ATHomeYellowCardsAgainst,ATAwayYellowCardsAgainst,ATRedCards,ATRedCardsAgainst,ATHomeRedCards,ATAwayRedCards,ATHomeRedCardsAgainst,ATAwayRedCardsAgainst
SP1,26/08/17,Alaves,Barcelona,D,Alaves,0.0,0.0,0.0,0.0,0.0,0.0,0.0,0.0,0.0,0.0,0.0,0.0,0.0,0.0,0.0,0.0,0.0,0.0,0.0,0.0,0.0,0.0,0.0,0.0,0.0,0.0,0.0,0.0,0.0,0.0,0.0,0.0,0.0,0.0,0.0,0.0,0.0,0.0,0.0,0.0,0.0,0.0,0.0,0.0,0.0,0.0,0.0,0.0,0.0,0.0,0.0,0.0,0.0,0.0,0.0,0.0,0.0,0.0,0.0,0.0,0.0,0.0,0.0,0.0,0.0,Barcelona,0.0,0.0,0.0,0.0,0.0,0.0,0.0,0.0,0.0,0.0,0.0,0.0,0.0,0.0,0.0,0.0,0.0,0.0,0.0,0.0,0.0,0.0,0.0,0.0,0.0,0.0,0.0,0.0,0.0,0.0,0.0,0.0,0.0,0.0,0.0,0.0,0.0,0.0,0.0,0.0,0.0,0.0,0.0,0.0,0.0,0.0,0.0,0.0,0.0,0.0,0.0,0.0,0.0,0.0,0.0,0.0,0.0,0.0,0.0,0.0,0.0,0.0,0.0,0.0,0.0
SP1,17/09/17,Alaves,Villarreal,A,Alaves,0.0,0.0,0.0,1.0,0.0,0.0,0.0,0.0,0.0,1.0,0.0,1.0,0.0,0.0,0.0,1.0,14.0,6.0,16.0,0.0,6.0,0.0,16.0,0.0,9.0,0.0,3.0,0.0,9.0,0.0,0.0,0.0,0.0,0.0,0.0,2.0,4.0,0.0,2.0,0.0,4.0,18.0,14.0,0.0,18.0,0.0,14.0,0.0,0.0,0.0,0.0,0.0,0.0,1.0,0.0,0.0,1.0,0.0,0.0,0.0,0.0,0.0,0.0,0.0,0.0,Villarreal,0.0,0.0,0.0,1.0,0.0,0.0,0.0,0.0,0.0,1.0,0.0,1.0,0.0,0.0,0.0,1.0,20.0,9.0,14.0,0.0,9.0,0.0,14.0,0.0,3.0,0.0,1.0,0.0,3.0,0.0,0.0,0.0,0.0,0.0,0.0,6.0,11.0,0.0,6.0,0.0,11.0,14.0,18.0,0.0,14.0,0.0,18.0,0.0,0.0,0.0,0.0,0.0,0.0,3.0,1.0,0.0,3.0,0.0,1.0,0.0,0.0,0.0,0.0,0.0,0.0
SP1,23/09/17,Alaves,Real Madrid,A,Alaves,0.0,0.0,0.0,2.0,0.0,0.0,1.0,0.0,0.0,1.0,0.0,3.0,0.0,0.0,2.0,1.0,16.0,17.0,39.0,11.0,6.0,23.0,16.0,2.0,20.0,2.0,3.0,11.0,9.0,0.0,0.0,0.0,0.0,0.0,0.0,3.0,18.0,1.0,2.0,14.0,4.0,30.0,24.0,12.0,18.0,10.0,14.0,0.0,0.0,0.0,0.0,0.0,0.0,3.0,3.0,2.0,1.0,3.0,0.0,0.0,0.0,0.0,0.0,0.0,0.0,Real Madrid,4.0,1.0,1.0,0.0,0.0,1.0,0.0,1.0,0.0,0.0,5.0,2.0,2.0,3.0,2.0,0.0,4.0,38.0,19.0,22.0,16.0,7.0,12.0,6.0,9.0,6.0,8.0,3.0,6.0,0.0,0.0,0.0,0.0,0.0,0.0,17.0,8.0,13.0,4.0,4.0,4.0,24.0,28.0,12.0,12.0,12.0,16.0,0.0,0.0,0.0,0.0,0.0,0.0,5.0,10.0,3.0,1.0,5.0,5.0,0.0,0.0,0.0,1.0,0.0,0.0
SP1,14/10/17,Alaves,Sociedad,D,Alaves,0.0,0.0,0.0,3.0,0.0,0.0,1.0,0.0,0.0,2.0,0.0,4.0,0.0,0.0,2.0,2.0,19.0,22.0,59.0,11.0,11.0,23.0,36.0,2.0,23.0,2.0,6.0,11.0,12.0,0.0,0.0,0.0,0.0,0.0,0.0,7.0,27.0,1.0,6.0,14.0,13.0,47.0,41.0,12.0,35.0,10.0,31.0,0.0,0.0,0.0,0.0,0.0,0.0,7.0,7.0,2.0,5.0,3.0,4.0,0.0,0.0,0.0,0.0,0.0,0.0,Sociedad,9.0,3.0,0.0,0.0,1.0,0.0,0.0,2.0,0.0,0.0,10.0,4.0,3.0,7.0,0.0,4.0,1.0,43.0,33.0,15.0,28.0,6.0,27.0,9.0,10.0,9.0,10.0,1.0,9.0,0.0,0.0,0.0,0.0,0.0,0.0,21.0,14.0,10.0,11.0,4.0,10.0,37.0,52.0,12.0,25.0,22.0,30.0,0.0,0.0,0.0,0.0,0.0,0.0,6.0,6.0,2.0,4.0,2.0,4.0,0.0,0.0,0.0,0.0,0.0,0.0
SP1,28/10/17,Alaves,Valencia,A,Alaves,0.0,0.0,0.0,4.0,0.0,0.0,2.0,0.0,0.0,2.0,0.0,7.0,0.0,0.0,5.0,2.0,19.0,38.0,75.0,27.0,11.0,39.0,36.0,4.0,29.0,4.0,6.0,17.0,12.0,0.0,0.0,0.0,0.0,0.0,0.0,9.0,30.0,3.0,6.0,17.0,13.0,59.0,66.0,24.0,35.0,35.0,31.0,0.0,0.0,0.0,0.0,0.0,0.0,9.0,9.0,4.0,5.0,5.0,4.0,0.0,0.0,0.0,0.0,0.0,0.0,Valencia,6.0,1.0,3.0,0.0,1.0,1.0,0.0,0.0,2.0,0.0,4.0,3.0,1.0,3.0,0.0,3.0,10.0,53.0,49.0,33.0,20.0,18.0,31.0,6.0,16.0,6.0,8.0,8.0,8.0,0.0,0.0,0.0,0.0,0.0,0.0,16.0,19.0,9.0,7.0,5.0,14.0,64.0,60.0,41.0,23.0,27.0,33.0,0.0,0.0,0.0,0.0,0.0,0.0,10.0,9.0,4.0,6.0,3.0,5.0,0.0,0.0,0.0,0.0,1.0,0.0
SP1,04/11/17,Alaves,Espanol,H,Alaves,0.0,0.0,0.0,5.0,0.0,0.0,2.0,0.0,0.0,3.0,0.0,8.0,0.0,0.0,5.0,3.0,19.0,46.0,90.0,27.0,19.0,39.0,51.0,4.0,32.0,4.0,9.0,17.0,15.0,0.0,0.0,0.0,0.0,0.0,0.0,11.0,35.0,3.0,8.0,17.0,18.0,78.0,82.0,24.0,54.0,35.0,47.0,0.0,0.0,0.0,0.0,0.0,0.0,11.0,9.0,4.0,7.0,5.0,4.0,0.0,0.0,0.0,0.0,0.0,0.0,Espanol,5.0,1.0,2.0,2.0,1.0,0.0,1.0,0.0,2.0,1.0,3.0,8.0,2.0,1.0,2.0,6.0,14.0,54.0,66.0,26.0,28.0,23.0,43.0,5.0,27.0,5.0,10.0,9.0,18.0,0.0,0.0,0.0,0.0,0.0,0.0,27.0,26.0,12.0,15.0,6.0,20.0,62.0,70.0,22.0,40.0,28.0,42.0,0.0,0.0,0.0,0.0,0.0,0.0,15.0,16.0,4.0,11.0,7.0,8.0,0.0,0.0,0.0,0.0,0.0,1.0
SP1,25/11/17,Alaves,Eibar,A,Alaves,0.0,0.0,0.0,6.0,0.0,0.0,3.0,0.0,0.0,3.0,1.0,10.0,1.0,0.0,7.0,3.0,20.0,54.0,111.0,35.0,19.0,60.0,51.0,7.0,39.0,7.0,9.0,24.0,15.0,0.0,0.0,0.0,0.0,0.0,0.0,16.0,48.0,8.0,8.0,30.0,18.0,97.0,101.0,43.0,54.0,54.0,47.0,0.0,0.0,0.0,0.0,0.0,0.0,16.0,11.0,9.0,7.0,7.0,4.0,0.0,0.0,0.0,0.0,0.0,0.0,Eibar,6.0,2.0,0.0,4.0,1.0,0.0,2.0,1.0,0.0,2.0,3.0,14.0,1.0,2.0,5.0,9.0,15.0,66.0,58.0,33.0,33.0,25.0,33.0,9.0,32.0,9.0,12.0,12.0,20.0,0.0,0.0,0.0,0.0,0.0,0.0,35.0,24.0,16.0,19.0,8.0,16.0,85.0,70.0,43.0,42.0,36.0,34.0,0.0,0.0,0.0,0.0,0.0,0.0,12.0,10.0,5.0,6.0,7.0,3.0,0.0,0.0,1.0,0.0,0.0,0.0
SP1,20/08/17,Ath Bilbao,Getafe,D,Ath Bilbao,0.0,0.0,0.0,0.0,0.0,0.0,0.0,0.0,0.0,0.0,0.0,0.0,0.0,0.0,0.0,0.0,0.0,0.0,0.0,0.0,0.0,0.0,0.0,0.0,0.0,0.0,0.0,0.0,0.0,0.0,0.0,0.0,0.0,0.0,0.0,0.0,0.0,0.0,0.0,0.0,0.0,0.0,0.0,0.0,0.0,0.0,0.0,0.0,0.0,0.0,0.0,0.0,0.0,0.0,0.0,0.0,0.0,0.0,0.0,0.0,0.0,0.0,0.0,0.0,0.0,Getafe,0.0,0.0,0.0,0.0,0.0,0.0,0.0,0.0,0.0,0.0,0.0,0.0,0.0,0.0,0.0,0.0,0.0,0.0,0.0,0.0,0.0,0.0,0.0,0.0,0.0,0.0,0.0,0.0,0.0,0.0,0.0,0.0,0.0,0.0,0.0,0.0,0.0,0.0,0.0,0.0,0.0,0.0,0.0,0.0,0.0,0.0,0.0,0.0,0.0,0.0,0.0,0.0,0.0,0.0,0.0,0.0,0.0,0.0,0.0,0.0,0.0,0.0,0.0,0.0,0.0
SP1,10/09/17,Ath Bilbao,Girona,H,Ath Bilbao,1.0,0.0,1.0,0.0,0.0,1.0,0.0,0.0,0.0,0.0,0.0,0.0,0.0,0.0,0.0,0.0,12.0,12.0,8.0,12.0,0.0,8.0,0.0,2.0,2.0,2.0,0.0,2.0,0.0,0.0,0.0,0.0,0.0,0.0,0.0,7.0,6.0,7.0,0.0,6.0,0.0,16.0,15.0,16.0,0.0,15.0,0.0,0.0,0.0,0.0,0.0,0.0,0.0,1.0,4.0,1.0,0.0,3.0,0.0,0.0,0.0,0.0,0.0,1.0,0.0,Girona,1.0,0.0,1.0,0.0,0.0,1.0,0.0,0.0,0.0,0.0,2.0,2.0,2.0,0.0,2.0,0.0,11.0,13.0,9.0,13.0,0.0,9.0,0.0,6.0,3.0,6.0,0.0,3.0,0.0,0.0,0.0,0.0,0.0,0.0,0.0,6.0,0.0,6.0,0.0,0.0,0.0,15.0,15.0,15.0,0.0,15.0,0.0,0.0,0.0,0.0,0.0,0.0,0.0,2.0,5.0,2.0,0.0,4.0,0.0,0.0,0.0,0.0,0.0,1.0,0.0
SP1,20/09/17,Ath Bilbao,Ath Madrid,D,Ath Bilbao,4.0,1.0,1.0,0.0,0.0,1.0,0.0,1.0,0.0,0.0,1.0,0.0,0.0,1.0,0.0,0.0,7.0,22.0,22.0,12.0,10.0,8.0,14.0,2.0,7.0,2.0,4.0,2.0,5.0,0.0,0.0,0.0,0.0,0.0,0.0,10.0,10.0,7.0,3.0,6.0,4.0,27.0,29.0,16.0,11.0,15.0,14.0,0.0,0.0,0.0,0.0,0.0,0.0,2.0,6.0,1.0,1.0,3.0,1.0,0.0,0.0,0.0,0.0,1.0,1.0,Ath Madrid,4.0,1.0,1.0,0.0,0.0,0.0,0.0,1.0,1.0,0.0,7.0,3.0,0.0,7.0,0.0,3.0,5.0,17.0,23.0,0.0,17.0,0.0,23.0,0.0,10.0,0.0,9.0,0.0,10.0,0.0,0.0,0.0,0.0,0.0,0.0,2.0,10.0,0.0,2.0,0.0,10.0,24.0,25.0,0.0,24.0,0.0,25.0,0.0,0.0,0.0,0.0,0.0,0.0,6.0,6.0,0.0,5.0,0.0,6.0,0.0,0.0,0.0,1.0,0.0,0.0
SP1,14/10/17,Ath Bilbao,Sevilla,H,Ath Bilbao,7.0,2.0,1.0,0.0,1.0,1.0,0.0,1.0,0.0,0.0,3.0,0.0,2.0,1.0,0.0,0.0,4.0,29.0,33.0,19.0,10.0,19.0,14.0,6.0,14.0,6.0,4.0,9.0,5.0,0.0,0.0,0.0,0.0,0.0,0.0,16.0,14.0,13.0,3.0,10.0,4.0,46.0,47.0,35.0,11.0,33.0,14.0,0.0,0.0,0.0,0.0,0.0,0.0,6.0,12.0,5.0,1.0,9.0,1.0,0.0,0.0,0.0,0.0,1.0,1.0,Sevilla,7.0,2.0,1.0,0.0,1.0,1.0,0.0,1.0,0.0,0.0,5.0,1.0,4.0,1.0,1.0,0.0,3.0,27.0,31.0,21.0,6.0,16.0,15.0,10.0,11.0,10.0,3.0,8.0,3.0,0.0,0.0,0.0,0.0,0.0,0.0,18.0,15.0,13.0,5.0,8.0,7.0,38.0,50.0,28.0,10.0,30.0,20.0,0.0,0.0,0.0,0.0,0.0,0.0,5.0,5.0,3.0,1.0,5.0,0.0,0.0,0.0,1.0,0.0,0.0,0.0
SP1,28/10/17,Ath Bilbao,Barcelona,A,Ath Bilbao,7.0,2.0,1.0,1.0,1.0,1.0,0.0,1.0,0.0,1.0,3.0,1.0,2.0,1.0,0.0,1.0,6.0,40.0,45.0,19.0,21.0,19.0,26.0,6.0,17.0,6.0,9.0,9.0,8.0,0.0,0.0,0.0,0.0,0.0,0.0,22.0,21.0,13.0,9.0,10.0,11.0,65.0,59.0,35.0,30.0,33.0,26.0,0.0,0.0,0.0,0.0,0.0,0.0,9.0,14.0,5.0,4.0,9.0,3.0,0.0,0.0,0.0,0.0,1.0,1.0,Barcelona,12.0,4.0,0.0,0.0,2.0,0.0,0.0,2.0,0.0,0.0,11.0,1.0,7.0,4.0,0.0,1.0,1.0,65.0,36.0,35.0,30.0,12.0,24.0,11.0,7.0,11.0,16.0,1.0,6.0,0.0,0.0,0.0,0.0,0.0,0.0,34.0,11.0,16.0,18.0,7.0,4.0,51.0,60.0,27.0,24.0,33.0,27.0,0.0,0.0,0.0,0.0,0.0,0.0,10.0,10.0,3.0,7.0,6.0,4.0,0.0,0.0,0.0,0.0,0.0,0.0
SP1,19/11/17,Ath Bilbao,Villarreal,A,Ath Bilbao,7.0,2.0,1.0,2.0,1.0,1.0,1.0,1.0,0.0,1.0,4.0,3.0,3.0,1.0,2.0,1.0,11.0,52.0,61.0,31.0,21.0,35.0,26.0,13.0,26.0,13.0,9.0,18.0,8.0,0.0,0.0,0.0,0.0,0.0,0.0,28.0,21.0,19.0,9.0,10.0,11.0,77.0,71.0,47.0,30.0,45.0,26.0,0.0,0.0,0.0,0.0,0.0,0.0,9.0,16.0,5.0,4.0,11.0,3.0,0.0,0.0,0.0,0.0,1.0,1.0,Villarreal,7.0,2.0,1.0,2.0,1.0,1.0,0.0,1.0,0.0,2.0,6.0,5.0,3.0,3.0,1.0,4.0,9.0,59.0,63.0,28.0,31.0,18.0,45.0,12.0,20.0,12.0,8.0,6.0,14.0,0.0,0.0,0.0,0.0,0.0,0.0,22.0,31.0,9.0,13.0,8.0,23.0,87.0,61.0,26.0,61.0,19.0,42.0,0.0,0.0,0.0,0.0,0.0,0.0,15.0,7.0,8.0,7.0,2.0,5.0,0.0,0.0,0.0,0.0,0.0,0.0
SP1,02/12/17,Ath Bilbao,Real Madrid,D,Ath Bilbao,8.0,2.0,2.0,2.0,1.0,1.0,1.0,1.0,1.0,1.0,7.0,6.0,3.0,4.0,2.0,4.0,12.0,60.0,76.0,31.0,29.0,35.0,41.0,13.0,33.0,13.0,16.0,18.0,15.0,0.0,0.0,0.0,0.0,0.0,0.0,29.0,26.0,19.0,10.0,10.0,16.0,85.0,87.0,47.0,38.0,45.0,42.0,0.0,0.0,0.0,0.0,0.0,0.0,11.0,24.0,5.0,6.0,11.0,10.0,0.0,0.0,0.0,0.0,1.0,2.0,Real Madrid,11.0,3.0,2.0,1.0,0.0,2.0,1.0,3.0,0.0,0.0,11.0,6.0,3.0,8.0,4.0,2.0,6.0,122.0,54.0,67.0,55.0,24.0,30.0,23.0,23.0,23.0,21.0,9.0,14.0,0.0,0.0,0.0,0.0,0.0,0.0,61.0,23.0,38.0,23.0,10.0,13.0,80.0,86.0,34.0,46.0,39.0,47.0,0.0,0.0,0.0,0.0,0.0,0.0,12.0,24.0,5.0,5.0,11.0,13.0,0.0,0.0,1.0,1.0,0.0,0.0
SP1,16/09/17,Ath Madrid,Malaga,D,Ath Madrid,0.0,0.0,0.0,0.0,0.0,0.0,0.0,0.0,0.0,0.0,0.0,0.0,0.0,0.0,0.0,0.0,0.0,0.0,0.0,0.0,0.0,0.0,0.0,0.0,0.0,0.0,0.0,0.0,0.0,0.0,0.0,0.0,0.0,0.0,0.0,0.0,0.0,0.0,0.0,0.0,0.0,0.0,0.0,0.0,0.0,0.0,0.0,0.0,0.0,0.0,0.0,0.0,0.0,0.0,0.0,0.0,0.0,0.0,0.0,0.0,0.0,0.0,0.0,0.0,0.0,Malaga,0.0,0.0,0.0,0.0,0.0,0.0,0.0,0.0,0.0,0.0,0.0,0.0,0.0,0.0,0.0,0.0,0.0,0.0,0.0,0.0,0.0,0.0,0.0,0.0,0.0,0.0,0.0,0.0,0.0,0.0,0.0,0.0,0.0,0.0,0.0,0.0,0.0,0.0,0.0,0.0,0.0,0.0,0.0,0.0,0.0,0.0,0.0,0.0,0.0,0.0,0.0,0.0,0.0,0.0,0.0,0.0,0.0,0.0,0.0,0.0,0.0,0.0,0.0,0.0,0.0
SP1,23/09/17,Ath Madrid,Sevilla,D,Ath Madrid,1.0,0.0,1.0,0.0,0.0,0.0,0.0,0.0,1.0,0.0,2.0,2.0,0.0,2.0,0.0,2.0,8.0,9.0,13.0,0.0,9.0,0.0,13.0,0.0,6.0,0.0,3.0,0.0,6.0,0.0,0.0,0.0,0.0,0.0,0.0,0.0,6.0,0.0,0.0,0.0,6.0,15.0,15.0,0.0,15.0,0.0,15.0,0.0,0.0,0.0,0.0,0.0,0.0,5.0,2.0,0.0,4.0,0.0,2.0,0.0,0.0,0.0,1.0,0.0,0.0,Sevilla,1.0,0.0,1.0,0.0,0.0,1.0,0.0,0.0,0.0,0.0,1.0,1.0,1.0,0.0,1.0,0.0,13.0,9.0,9.0,9.0,0.0,9.0,0.0,4.0,6.0,4.0,0.0,6.0,0.0,0.0,0.0,0.0,0.0,0.0,0.0,7.0,3.0,7.0,0.0,3.0,0.0,14.0,12.0,14.0,0.0,12.0,0.0,0.0,0.0,0.0,0.0,0.0,0.0,3.0,4.0,2.0,0.0,4.0,0.0,0.0,0.0,1.0,0.0,0.0,0.0
SP1,14/10/17,Ath Madrid,Barcelona,H,Ath Madrid,4.0,1.0,1.0,0.0,0.0,0.0,0.0,1.0,1.0,0.0,7.0,3.0,0.0,7.0,0.0,3.0,5.0,17.0,23.0,0.0,17.0,0.0,23.0,0.0,10.0,0.0,9.0,0.0,10.0,0.0,0.0,0.0,0.0,0.0,0.0,2.0,10.0,0.0,2.0,0.0,10.0,24.0,25.0,0.0,24.0,0.0,25.0,0.0,0.0,0.0,0.0,0.0,0.0,6.0,6.0,0.0,5.0,0.0,6.0,0.0,0.0,0.0,1.0,0.0,0.0,Barcelona,6.0,2.0,0.0,0.0,1.0,0.0,0.0,1.0,0.0,0.0,4.0,0.0,2.0,2.0,0.0,0.0,3.0,38.0,14.0,15.0,23.0,3.0,11.0,2.0,2.0,2.0,11.0,0.0,2.0,0.0,0.0,0.0,0.0,0.0,0.0,22.0,1.0,8.0,14.0,0.0,1.0,26.0,27.0,16.0,10.0,15.0,12.0,0.0,0.0,0.0,0.0,0.0,0.0,5.0,3.0,2.0,3.0,1.0,2.0,0.0,0.0,0.0,0.0,0.0,0.0
SP1,28/10/17,Ath Madrid,Villarreal,D,Ath Madrid,5.0,1.0,2.0,0.0,0.0,0.0,0.0,1.0,2.0,0.0,7.0,3.0,0.0,7.0,0.0,3.0,7.0,30.0,34.0,0.0,30.0,0.0,34.0,0.0,10.0,0.0,13.0,0.0,10.0,0.0,0.0,0.0,0.0,0.0,0.0,5.0,14.0,0.0,5.0,0.0,14.0,38.0,41.0,0.0,38.0,0.0,41.0,0.0,0.0,0.0,0.0,0.0,0.0,6.0,7.0,0.0,5.0,0.0,7.0,0.0,0.0,0.0,1.0,0.0,0.0,Villarreal,3.0,1.0,0.0,2.0,1.0,0.0,0.0,0.0,0.0,2.0,3.0,5.0,3.0,0.0,1.0,4.0,16.0,29.0,37.0,14.0,15.0,8.0,29.0,7.0,15.0,7.0,2.0,3.0,12.0,0.0,0.0,0.0,0.0,0.0,0.0,14.0,24.0,4.0,10.0,3.0,21.0,45.0,39.0,9.0,36.0,9.0,30.0,0.0,0.0,0.0,0.0,0.0,0.0,8.0,3.0,3.0,5.0,0.0,3.0,0.0,0.0,0.0,0.0,0.0,0.0
SP1,18/11/17,Ath Madrid,Real Madrid,D,Ath Madrid,8.0,2.0,2.0,0.0,1.0,0.0,0.0,1.0,2.0,0.0,8.0,3.0,1.0,7.0,0.0,3.0,5.0,47.0,43.0,17.0,30.0,9.0,34.0,4.0,14.0,4.0,13.0,4.0,10.0,0.0,0.0,0.0,0.0,0.0,0.0,13.0,18.0,8.0,5.0,4.0,14.0,47.0,56.0,9.0,38.0,15.0,41.0,0.0,0.0,0.0,0.0,0.0,0.0,8.0,9.0,2.0,5.0,2.0,7.0,0.0,0.0,0.0,1.0,0.0,0.0,Real Madrid,8.0,2.0,2.0,0.0,0.0,2.0,0.0,2.0,0.0,0.0,9.0,4.0,3.0,6.0,3.0,1.0,4.0,74.0,34.0,40.0,34.0,12.0,22.0,16.0,16.0,16.0,14.0,5.0,11.0,0.0,0.0,0.0,0.0,0.0,0.0,36.0,15.0,26.0,10.0,7.0,8.0,48.0,56.0,21.0,27.0,28.0,28.0,0.0,0.0,0.0,0.0,0.0,0.0,10.0,16.0,5.0,3.0,8.0,8.0,0.0,0.0,1.0,1.0,0.0,0.0
SP1,02/12/17,Ath Madrid,Sociedad,A,Ath Madrid,11.0,3.0,2.0,0.0,1.0,0.0,0.0,2.0,2.0,0.0,10.0,4.0,1.0,9.0,0.0,4.0,3.0,63.0,55.0,17.0,46.0,9.0,46.0,4.0,21.0,4.0,22.0,4.0,17.0,0.0,0.0,0.0,0.0,0.0,0.0,13.0,24.0,8.0,5.0,4.0,20.0,59.0,68.0,9.0,50.0,15.0,53.0,0.0,0.0,0.0,0.0,0.0,0.0,10.0,9.0,2.0,7.0,2.0,7.0,0.0,0.0,0.0,1.0,0.0,0.0,Sociedad,9.0,3.0,0.0,2.0,1.0,0.0,1.0,2.0,0.0,1.0,11.0,10.0,4.0,7.0,3.0,7.0,5.0,66.0,64.0,25.0,41.0,24.0,40.0,14.0,25.0,14.0,13.0,7.0,18.0,0.0,0.0,0.0,0.0,0.0,0.0,31.0,23.0,14.0,17.0,10.0,13.0,60.0,80.0,24.0,36.0,37.0,43.0,0.0,0.0,0.0,0.0,0.0,0.0,10.0,10.0,5.0,4.0,4.0,6.0,0.0,0.0,0.0,1.0,0.0,0.0
SP1,20/08/17,Barcelona,Betis,H,Barcelona,0.0,0.0,0.0,0.0,0.0,0.0,0.0,0.0,0.0,0.0,0.0,0.0,0.0,0.0,0.0,0.0,0.0,0.0,0.0,0.0,0.0,0.0,0.0,0.0,0.0,0.0,0.0,0.0,0.0,0.0,0.0,0.0,0.0,0.0,0.0,0.0,0.0,0.0,0.0,0.0,0.0,0.0,0.0,0.0,0.0,0.0,0.0,0.0,0.0,0.0,0.0,0.0,0.0,0.0,0.0,0.0,0.0,0.0,0.0,0.0,0.0,0.0,0.0,0.0,0.0,Betis,0.0,0.0,0.0,0.0,0.0,0.0,0.0,0.0,0.0,0.0,0.0,0.0,0.0,0.0,0.0,0.0,0.0,0.0,0.0,0.0,0.0,0.0,0.0,0.0,0.0,0.0,0.0,0.0,0.0,0.0,0.0,0.0,0.0,0.0,0.0,0.0,0.0,0.0,0.0,0.0,0.0,0.0,0.0,0.0,0.0,0.0,0.0,0.0,0.0,0.0,0.0,0.0,0.0,0.0,0.0,0.0,0.0,0.0,0.0,0.0,0.0,0.0,0.0,0.0,0.0
SP1,09/09/17,Barcelona,Espanol,H,Barcelona,3.0,1.0,0.0,0.0,1.0,0.0,0.0,0.0,0.0,0.0,2.0,0.0,2.0,0.0,0.0,0.0,2.0,15.0,3.0,15.0,0.0,3.0,0.0,2.0,0.0,2.0,0.0,0.0,0.0,0.0,0.0,0.0,0.0,0.0,0.0,8.0,0.0,8.0,0.0,0.0,0.0,16.0,15.0,16.0,0.0,15.0,0.0,0.0,0.0,0.0,0.0,0.0,0.0,2.0,1.0,2.0,0.0,1.0,0.0,0.0,0.0,0.0,0.0,0.0,0.0,Espanol,1.0,0.0,1.0,0.0,0.0,0.0,0.0,0.0,1.0,0.0,1.0,1.0,0.0,1.0,0.0,1.0,9.0,9.0,9.0,0.0,9.0,0.0,9.0,0.0,4.0,0.0,6.0,0.0,4.0,0.0,0.0,0.0,0.0,0.0,0.0,3.0,7.0,0.0,3.0,0.0,7.0,12.0,14.0,0.0,12.0,0.0,14.0,0.0,0.0,0.0,0.0,0.0,0.0,4.0,3.0,0.0,4.0,0.0,2.0,0.0,0.0,0.0,0.0,0.0,1.0
SP1,19/09/17,Barcelona,Eibar,H,Barcelona,6.0,2.0,0.0,0.0,1.0,0.0,0.0,1.0,0.0,0.0,4.0,0.0,2.0,2.0,0.0,0.0,3.0,38.0,14.0,15.0,23.0,3.0,11.0,2.0,2.0,2.0,11.0,0.0,2.0,0.0,0.0,0.0,0.0,0.0,0.0,22.0,1.0,8.0,14.0,0.0,1.0,26.0,27.0,16.0,10.0,15.0,12.0,0.0,0.0,0.0,0.0,0.0,0.0,5.0,3.0,2.0,3.0,1.0,2.0,0.0,0.0,0.0,0.0,0.0,0.0,Eibar,3.0,1.0,0.0,1.0,0.0,0.0,1.0,1.0,0.0,0.0,1.0,1.0,0.0,1.0,1.0,0.0,11.0,27.0,20.0,14.0,13.0,10.0,10.0,5.0,8.0,5.0,6.0,4.0,4.0,0.0,0.0,0.0,0.0,0.0,0.0,11.0,6.0,4.0,7.0,3.0,3.0,29.0,27.0,14.0,15.0,11.0,16.0,0.0,0.0,0.0,0.0,0.0,0.0,5.0,3.0,1.0,3.0,1.0,2.0,0.0,0.0,1.0,0.0,0.0,0.0
SP1,01/10/17,Barcelona,Las Palmas,D,Barcelona,9.0,3.0,0.0,0.0,2.0,0.0,0.0,1.0,0.0,0.0,9.0,0.0,7.0,2.0,0.0,0.0,2.0,58.0,23.0,35.0,23.0,12.0,11.0,11.0,3.0,11.0,11.0,1.0,2.0,0.0,0.0,0.0,0.0,0.0,0.0,30.0,8.0,16.0,14.0,7.0,1.0,37.0,45.0,27.0,10.0,33.0,12.0,0.0,0.0,0.0,0.0,0.0,0.0,6.0,8.0,3.0,3.0,6.0,2.0,0.0,0.0,0.0,0.0,0.0,0.0,Las Palmas,3.0,1.0,0.0,2.0,0.0,0.0,1.0,1.0,0.0,1.0,4.0,7.0,1.0,3.0,5.0,2.0,13.0,25.0,44.0,10.0,15.0,8.0,36.0,4.0,18.0,4.0,12.0,6.0,12.0,0.0,0.0,0.0,0.0,0.0,0.0,8.0,10.0,4.0,4.0,2.0,8.0,34.0,56.0,10.0,24.0,9.0,47.0,0.0,0.0,0.0,0.0,0.0,0.0,10.0,8.0,4.0,5.0,1.0,7.0,0.0,0.0,0.0,1.0,0.0,0.0
SP1,21/10/17,Barcelona,Malaga,H,Barcelona,12.0,4.0,0.0,0.0,2.0,0.0,0.0,2.0,0.0,0.0,11.0,1.0,7.0,4.0,0.0,1.0,1.0,65.0,36.0,35.0,30.0,12.0,24.0,11.0,7.0,11.0,16.0,1.0,6.0,0.0,0.0,0.0,0.0,0.0,0.0,34.0,11.0,16.0,18.0,7.0,4.0,51.0,60.0,27.0,24.0,33.0,27.0,0.0,0.0,0.0,0.0,0.0,0.0,10.0,10.0,3.0,7.0,6.0,4.0,0.0,0.0,0.0,0.0,0.0,0.0,Malaga,0.0,0.0,0.0,4.0,0.0,0.0,2.0,0.0,0.0,2.0,1.0,6.0,1.0,0.0,4.0,2.0,20.0,40.0,55.0,24.0,16.0,23.0,32.0,10.0,22.0,10.0,6.0,14.0,8.0,0.0,0.0,0.0,0.0,0.0,0.0,13.0,19.0,6.0,7.0,9.0,10.0,68.0,46.0,38.0,30.0,26.0,20.0,0.0,0.0,0.0,0.0,0.0,0.0,12.0,10.0,6.0,6.0,5.0,5.0,0.0,0.0,0.0,0.0,0.0,0.0
SP1,04/11/17,Barcelona,Sevilla,H,Barcelona,15.0,5.0,0.0,0.0,3.0,0.0,0.0,2.0,0.0,0.0,17.0,2.0,13.0,4.0,1.0,1.0,1.0,76.0,49.0,46.0,30.0,25.0,24.0,21.0,11.0,21.0,16.0,5.0,6.0,0.0,0.0,0.0,0.0,0.0,0.0,41.0,18.0,23.0,18.0,14.0,4.0,55.0,69.0,31.0,24.0,42.0,27.0,0.0,0.0,0.0,0.0,0.0,0.0,10.0,12.0,3.0,7.0,8.0,4.0,0.0,0.0,0.0,0.0,0.0,0.0,Sevilla,13.0,4.0,1.0,0.0,2.0,1.0,0.0,2.0,0.0,0.0,7.0,1.0,5.0,2.0,1.0,0.0,2.0,54.0,50.0,35.0,19.0,22.0,28.0,19.0,11.0,19.0,11.0,8.0,3.0,0.0,0.0,0.0,0.0,0.0,0.0,31.0,23.0,25.0,6.0,8.0,15.0,78.0,72.0,49.0,29.0,38.0,34.0,0.0,0.0,0.0,0.0,0.0,0.0,12.0,9.0,5.0,6.0,7.0,2.0,0.0,0.0,1.0,0.0,0.0,0.0
SP1,02/12/17,Barcelona,Celta,D,Barcelona,18.0,6.0,0.0,0.0,3.0,0.0,0.0,3.0,0.0,0.0,20.0,2.0,13.0,7.0,1.0,1.0,1.0,85.0,62.0,46.0,39.0,25.0,37.0,21.0,13.0,21.0,21.0,5.0,8.0,0.0,0.0,0.0,0.0,0.0,0.0,44.0,27.0,23.0,21.0,14.0,13.0,60.0,90.0,31.0,29.0,42.0,48.0,0.0,0.0,0.0,0.0,0.0,0.0,10.0,15.0,3.0,7.0,8.0,7.0,0.0,0.0,0.0,0.0,0.0,0.0,Celta,7.0,2.0,1.0,3.0,1.0,1.0,1.0,1.0,0.0,2.0,10.0,8.0,4.0,6.0,4.0,4.0,14.0,74.0,56.0,44.0,30.0,28.0,28.0,12.0,18.0,12.0,9.0,12.0,6.0,0.0,0.0,0.0,0.0,0.0,0.0,32.0,21.0,17.0,15.0,10.0,11.0,66.0,88.0,38.0,28.0,49.0,39.0,0.0,0.0,0.0,0.0,0.0,0.0,16.0,14.0,9.0,7.0,9.0,5.0,0.0,0.0,0.0,0.0,0.0,0.0
SP1,25/08/17,Betis,Celta,D,Betis,0.0,0.0,0.0,0.0,0.0,0.0,0.0,0.0,0.0,0.0,0.0,0.0,0.0,0.0,0.0,0.0,0.0,0.0,0.0,0.0,0.0,0.0,0.0,0.0,0.0,0.0,0.0,0.0,0.0,0.0,0.0,0.0,0.0,0.0,0.0,0.0,0.0,0.0,0.0,0.0,0.0,0.0,0.0,0.0,0.0,0.0,0.0,0.0,0.0,0.0,0.0,0.0,0.0,0.0,0.0,0.0,0.0,0.0,0.0,0.0,0.0,0.0,0.0,0.0,0.0,Celta,0.0,0.0,0.0,0.0,0.0,0.0,0.0,0.0,0.0,0.0,0.0,0.0,0.0,0.0,0.0,0.0,0.0,0.0,0.0,0.0,0.0,0.0,0.0,0.0,0.0,0.0,0.0,0.0,0.0,0.0,0.0,0.0,0.0,0.0,0.0,0.0,0.0,0.0,0.0,0.0,0.0,0.0,0.0,0.0,0.0,0.0,0.0,0.0,0.0,0.0,0.0,0.0,0.0,0.0,0.0,0.0,0.0,0.0,0.0,0.0,0.0,0.0,0.0,0.0,0.0
SP1,16/09/17,Betis,La Coruna,D,Betis,0.0,0.0,0.0,1.0,0.0,0.0,0.0,0.0,0.0,1.0,0.0,2.0,0.0,0.0,0.0,2.0,19.0,3.0,15.0,0.0,3.0,0.0,15.0,0.0,2.0,0.0,0.0,0.0,2.0,0.0,0.0,0.0,0.0,0.0,0.0,0.0,8.0,0.0,0.0,0.0,8.0,15.0,16.0,0.0,15.0,0.0,16.0,0.0,0.0,0.0,0.0,0.0,0.0,1.0,2.0,0.0,1.0,0.0,2.0,0.0,0.0,0.0,0.0,0.0,0.0,La Coruna,0.0,0.0,0.0,1.0,0.0,0.0,1.0,0.0,0.0,0.0,0.0,3.0,0.0,0.0,3.0,0.0,15.0,12.0,16.0,12.0,0.0,16.0,0.0,6.0,8.0,6.0,0.0,8.0,0.0,0.0,0.0,0.0,0.0,0.0,0.0,4.0,4.0,4.0,0.0,4.0,0.0,16.0,12.0,16.0,0.0,12.0,0.0,0.0,0.0,0.0,0.0,0.0,0.0,5.0,2.0,5.0,0.0,1.0,0.0,0.0,0.0,0.0,0.0,1.0,0.0
SP1,25/09/17,Betis,Levante,D,Betis,3.0,1.0,0.0,1.0,1.0,0.0,0.0,0.0,0.0,1.0,2.0,3.0,2.0,0.0,1.0,2.0,12.0,13.0,24.0,10.0,3.0,9.0,15.0,3.0,4.0,3.0,0.0,2.0,2.0,0.0,0.0,0.0,0.0,0.0,0.0,4.0,14.0,4.0,0.0,6.0,8.0,28.0,25.0,13.0,15.0,9.0,16.0,0.0,0.0,0.0,0.0,0.0,0.0,3.0,4.0,2.0,1.0,2.0,2.0,0.0,0.0,0.0,0.0,0.0,0.0,Levante,4.0,1.0,1.0,0.0,1.0,1.0,0.0,0.0,0.0,0.0,3.0,2.0,3.0,0.0,2.0,0.0,9.0,38.0,20.0,38.0,0.0,20.0,0.0,8.0,5.0,8.0,0.0,5.0,0.0,0.0,0.0,0.0,0.0,0.0,0.0,17.0,11.0,17.0,0.0,11.0,0.0,29.0,26.0,29.0,0.0,26.0,0.0,0.0,0.0,0.0,0.0,0.0,0.0,2.0,5.0,1.0,0.0,5.0,0.0,0.0,0.0,1.0,0.0,0.0,0.0
SP1,15/10/17,Betis,Valencia,A,Betis,3.0,1.0,0.0,2.0,1.0,0.0,0.0,0.0,0.0,2.0,3.0,6.0,2.0,1.0,1.0,5.0,15.0,21.0,38.0,10.0,11.0,9.0,29.0,3.0,11.0,3.0,3.0,2.0,9.0,0.0,0.0,0.0,0.0,0.0,0.0,7.0,18.0,4.0,3.0,6.0,12.0,37.0,34.0,13.0,24.0,9.0,25.0,0.0,0.0,0.0,0.0,0.0,0.0,3.0,7.0,2.0,1.0,2.0,5.0,0.0,0.0,0.0,0.0,0.0,0.0,Valencia,5.0,1.0,2.0,0.0,1.0,1.0,0.0,0.0,1.0,0.0,3.0,2.0,1.0,2.0,0.0,2.0,9.0,40.0,40.0,33.0,7.0,18.0,22.0,6.0,14.0,6.0,3.0,8.0,6.0,0.0,0.0,0.0,0.0,0.0,0.0,13.0,18.0,9.0,4.0,5.0,13.0,53.0,39.0,41.0,12.0,27.0,12.0,0.0,0.0,0.0,0.0,0.0,0.0,9.0,7.0,4.0,5.0,3.0,3.0,0.0,0.0,0.0,0.0,1.0,0.0
SP1,21/10/17,Betis,Alaves,H,Betis,6.0,2.0,0.0,2.0,2.0,0.0,0.0,0.0,0.0,2.0,5.0,7.0,4.0,1.0,2.0,5.0,7.0,38.0,49.0,27.0,11.0,20.0,29.0,10.0,14.0,10.0,3.0,5.0,9.0,0.0,0.0,0.0,0.0,0.0,0.0,13.0,22.0,10.0,3.0,10.0,12.0,50.0,53.0,26.0,24.0,28.0,25.0,0.0,0.0,0.0,0.0,0.0,0.0,5.0,10.0,4.0,1.0,5.0,5.0,0.0,0.0,0.0,0.0,0.0,0.0,Alaves,0.0,0.0,0.0,4.0,0.0,0.0,2.0,0.0,0.0,2.0,0.0,7.0,0.0,0.0,5.0,2.0,19.0,38.0,75.0,27.0,11.0,39.0,36.0,4.0,29.0,4.0,6.0,17.0,12.0,0.0,0.0,0.0,0.0,0.0,0.0,9.0,30.0,3.0,6.0,17.0,13.0,59.0,66.0,24.0,35.0,35.0,31.0,0.0,0.0,0.0,0.0,0.0,0.0,9.0,9.0,4.0,5.0,5.0,4.0,0.0,0.0,0.0,0.0,0.0,0.0
SP1,03/11/17,Betis,Getafe,A,Betis,9.0,3.0,0.0,2.0,2.0,0.0,0.0,1.0,0.0,2.0,6.0,7.0,4.0,2.0,2.0,5.0,6.0,50.0,76.0,27.0,23.0,20.0,56.0,10.0,21.0,10.0,7.0,5.0,16.0,0.0,0.0,0.0,0.0,0.0,0.0,16.0,34.0,10.0,6.0,10.0,24.0,61.0,66.0,26.0,35.0,28.0,38.0,0.0,0.0,0.0,0.0,0.0,0.0,8.0,10.0,4.0,4.0,5.0,5.0,0.0,0.0,0.0,0.0,0.0,0.0,Getafe,5.0,1.0,2.0,2.0,0.0,0.0,2.0,1.0,2.0,0.0,4.0,5.0,1.0,3.0,3.0,2.0,16.0,57.0,44.0,28.0,29.0,13.0,31.0,7.0,21.0,7.0,8.0,8.0,13.0,0.0,0.0,0.0,0.0,0.0,0.0,22.0,21.0,10.0,12.0,9.0,12.0,91.0,63.0,35.0,56.0,24.0,39.0,0.0,0.0,0.0,0.0,0.0,0.0,12.0,9.0,2.0,9.0,5.0,4.0,0.0,0.0,0.0,1.0,0.0,0.0
SP1,25/11/17,Betis,Girona,A,Betis,12.0,4.0,0.0,2.0,3.0,0.0,0.0,1.0,0.0,2.0,10.0,7.0,8.0,2.0,2.0,5.0,4.0,64.0,84.0,41.0,23.0,28.0,56.0,16.0,22.0,16.0,7.0,6.0,16.0,0.0,0.0,0.0,0.0,0.0,0.0,22.0,37.0,16.0,6.0,13.0,24.0,70.0,71.0,35.0,35.0,33.0,38.0,0.0,0.0,0.0,0.0,0.0,0.0,9.0,10.0,5.0,4.0,5.0,5.0,0.0,0.0,0.0,0.0,0.0,0.0,Girona,5.0,1.0,2.0,3.0,1.0,1.0,2.0,0.0,1.0,1.0,3.0,8.0,3.0,0.0,6.0,2.0,17.0,75.0,57.0,54.0,21.0,38.0,19.0,12.0,23.0,12.0,7.0,18.0,5.0,0.0,0.0,0.0,0.0,0.0,0.0,32.0,19.0,25.0,7.0,7.0,12.0,99.0,92.0,61.0,38.0,54.0,38.0,0.0,0.0,0.0,0.0,0.0,0.0,19.0,20.0,10.0,9.0,13.0,6.0,0.0,0.0,0.0,0.0,1.0,0.0
SP1,19/08/17,Celta,Sociedad,D,Celta,0.0,0.0,0.0,0.0,0.0,0.0,0.0,0.0,0.0,0.0,0.0,0.0,0.0,0.0,0.0,0.0,0.0,0.0,0.0,0.0,0.0,0.0,0.0,0.0,0.0,0.0,0.0,0.0,0.0,0.0,0.0,0.0,0.0,0.0,0.0,0.0,0.0,0.0,0.0,0.0,0.0,0.0,0.0,0.0,0.0,0.0,0.0,0.0,0.0,0.0,0.0,0.0,0.0,0.0,0.0,0.0,0.0,0.0,0.0,0.0,0.0,0.0,0.0,0.0,0.0,Sociedad,0.0,0.0,0.0,0.0,0.0,0.0,0.0,0.0,0.0,0.0,0.0,0.0,0.0,0.0,0.0,0.0,0.0,0.0,0.0,0.0,0.0,0.0,0.0,0.0,0.0,0.0,0.0,0.0,0.0,0.0,0.0,0.0,0.0,0.0,0.0,0.0,0.0,0.0,0.0,0.0,0.0,0.0,0.0,0.0,0.0,0.0,0.0,0.0,0.0,0.0,0.0,0.0,0.0,0.0,0.0,0.0,0.0,0.0,0.0,0.0,0.0,0.0,0.0,0.0,0.0
SP1,10/09/17,Celta,Alaves,H,Celta,0.0,0.0,0.0,1.0,0.0,0.0,1.0,0.0,0.0,0.0,2.0,3.0,2.0,0.0,3.0,0.0,18.0,16.0,13.0,16.0,0.0,13.0,0.0,5.0,6.0,5.0,0.0,6.0,0.0,0.0,0.0,0.0,0.0,0.0,0.0,5.0,4.0,5.0,0.0,4.0,0.0,12.0,11.0,12.0,0.0,11.0,0.0,0.0,0.0,0.0,0.0,0.0,0.0,3.0,1.0,3.0,0.0,1.0,0.0,0.0,0.0,0.0,0.0,0.0,0.0,Alaves,0.0,0.0,0.0,1.0,0.0,0.0,0.0,0.0,0.0,1.0,0.0,1.0,0.0,0.0,0.0,1.0,14.0,6.0,16.0,0.0,6.0,0.0,16.0,0.0,9.0,0.0,3.0,0.0,9.0,0.0,0.0,0.0,0.0,0.0,0.0,2.0,4.0,0.0,2.0,0.0,4.0,18.0,14.0,0.0,18.0,0.0,14.0,0.0,0.0,0.0,0.0,0.0,0.0,1.0,0.0,0.0,1.0,0.0,0.0,0.0,0.0,0.0,0.0,0.0,0.0
SP1,21/09/17,Celta,Getafe,H,Celta,0.0,0.0,0.0,2.0,0.0,0.0,1.0,0.0,0.0,1.0,3.0,5.0,2.0,1.0,3.0,2.0,19.0,25.0,23.0,16.0,9.0,13.0,10.0,5.0,9.0,5.0,2.0,6.0,3.0,0.0,0.0,0.0,0.0,0.0,0.0,11.0,8.0,5.0,6.0,4.0,4.0,21.0,24.0,12.0,9.0,11.0,13.0,0.0,0.0,0.0,0.0,0.0,0.0,5.0,3.0,3.0,2.0,1.0,2.0,0.0,0.0,0.0,0.0,0.0,0.0,Getafe,1.0,0.0,1.0,1.0,0.0,0.0,1.0,0.0,1.0,0.0,0.0,1.0,0.0,0.0,1.0,0.0,14.0,23.0,18.0,15.0,8.0,6.0,12.0,3.0,5.0,3.0,2.0,3.0,2.0,0.0,0.0,0.0,0.0,0.0,0.0,13.0,12.0,7.0,6.0,5.0,7.0,35.0,26.0,20.0,15.0,10.0,16.0,0.0,0.0,0.0,0.0,0.0,0.0,4.0,2.0,0.0,3.0,1.0,1.0,0.0,0.0,0.0,1.0,0.0,0.0
SP1,29/09/17,Celta,Girona,D,Celta,3.0,1.0,0.0,2.0,1.0,0.0,1.0,0.0,0.0,1.0,4.0,5.0,3.0,1.0,3.0,2.0,12.0,45.0,28.0,36.0,9.0,18.0,10.0,8.0,12.0,8.0,2.0,9.0,3.0,0.0,0.0,0.0,0.0,0.0,0.0,20.0,12.0,14.0,6.0,8.0,4.0,38.0,41.0,29.0,9.0,28.0,13.0,0.0,0.0,0.0,0.0,0.0,0.0,9.0,7.0,7.0,2.0,5.0,2.0,0.0,0.0,0.0,0.0,0.0,0.0,Girona,4.0,1.0,1.0,1.0,1.0,1.0,0.0,0.0,0.0,1.0,3.0,4.0,3.0,0.0,2.0,2.0,11.0,39.0,23.0,28.0,11.0,16.0,7.0,10.0,9.0,10.0,7.0,5.0,4.0,0.0,0.0,0.0,0.0,0.0,0.0,12.0,9.0,8.0,4.0,3.0,6.0,44.0,49.0,26.0,18.0,30.0,19.0,0.0,0.0,0.0,0.0,0.0,0.0,11.0,13.0,5.0,6.0,8.0,4.0,0.0,0.0,0.0,0.0,1.0,0.0
SP1,22/10/17,Celta,Ath Madrid,A,Celta,3.0,1.0,0.0,3.0,1.0,0.0,1.0,0.0,0.0,2.0,5.0,7.0,3.0,2.0,3.0,4.0,17.0,56.0,37.0,36.0,20.0,18.0,19.0,8.0,15.0,8.0,3.0,9.0,6.0,0.0,0.0,0.0,0.0,0.0,0.0,25.0,15.0,14.0,11.0,8.0,7.0,52.0,53.0,29.0,23.0,28.0,25.0,0.0,0.0,0.0,0.0,0.0,0.0,13.0,8.0,7.0,6.0,5.0,3.0,0.0,0.0,0.0,0.0,0.0,0.0,Ath Madrid,8.0,2.0,2.0,0.0,1.0,0.0,0.0,1.0,2.0,0.0,8.0,3.0,1.0,7.0,0.0,3.0,5.0,47.0,43.0,17.0,30.0,9.0,34.0,4.0,14.0,4.0,13.0,4.0,10.0,0.0,0.0,0.0,0.0,0.0,0.0,13.0,18.0,8.0,5.0,4.0,14.0,47.0,56.0,9.0,38.0,15.0,41.0,0.0,0.0,0.0,0.0,0.0,0.0,8.0,9.0,2.0,5.0,2.0,7.0,0.0,0.0,0.0,1.0,0.0,0.0
SP1,05/11/17,Celta,Ath Bilbao,H,Celta,4.0,1.0,1.0,3.0,1.0,1.0,1.0,0.0,0.0,2.0,6.0,8.0,4.0,2.0,4.0,4.0,17.0,64.0,47.0,44.0,20.0,28.0,19.0,12.0,18.0,12.0,3.0,12.0,6.0,0.0,0.0,0.0,0.0,0.0,0.0,28.0,17.0,17.0,11.0,10.0,7.0,61.0,74.0,38.0,23.0,49.0,25.0,0.0,0.0,0.0,0.0,0.0,0.0,15.0,12.0,9.0,6.0,9.0,3.0,0.0,0.0,0.0,0.0,0.0,0.0,Ath Bilbao,7.0,2.0,1.0,2.0,1.0,1.0,1.0,1.0,0.0,1.0,4.0,3.0,3.0,1.0,2.0,1.0,11.0,52.0,61.0,31.0,21.0,35.0,26.0,13.0,26.0,13.0,9.0,18.0,8.0,0.0,0.0,0.0,0.0,0.0,0.0,28.0,21.0,19.0,9.0,10.0,11.0,77.0,71.0,47.0,30.0,45.0,26.0,0.0,0.0,0.0,0.0,0.0,0.0,9.0,16.0,5.0,4.0,11.0,3.0,0.0,0.0,0.0,0.0,1.0,1.0
SP1,24/11/17,Celta,Leganes,H,Celta,7.0,2.0,1.0,3.0,1.0,1.0,1.0,1.0,0.0,2.0,10.0,8.0,4.0,6.0,4.0,4.0,14.0,74.0,56.0,44.0,30.0,28.0,28.0,12.0,18.0,12.0,9.0,12.0,6.0,0.0,0.0,0.0,0.0,0.0,0.0,32.0,21.0,17.0,15.0,10.0,11.0,66.0,88.0,38.0,28.0,49.0,39.0,0.0,0.0,0.0,0.0,0.0,0.0,16.0,14.0,9.0,7.0,9.0,5.0,0.0,0.0,0.0,0.0,0.0,0.0,Leganes,10.0,3.0,1.0,2.0,1.0,1.0,1.0,2.0,0.0,1.0,5.0,3.0,2.0,3.0,2.0,1.0,7.0,65.0,62.0,39.0,26.0,27.0,35.0,17.0,15.0,17.0,13.0,6.0,9.0,0.0,0.0,0.0,0.0,0.0,0.0,16.0,29.0,12.0,4.0,9.0,20.0,96.0,93.0,47.0,49.0,58.0,35.0,0.0,0.0,0.0,0.0,0.0,0.0,14.0,12.0,3.0,11.0,6.0,6.0,0.0,0.0,0.0,0.0,0.0,0.0
SP1,27/08/17,Eibar,Ath Bilbao,A,Eibar,0.0,0.0,0.0,0.0,0.0,0.0,0.0,0.0,0.0,0.0,0.0,0.0,0.0,0.0,0.0,0.0,0.0,0.0,0.0,0.0,0.0,0.0,0.0,0.0,0.0,0.0,0.0,0.0,0.0,0.0,0.0,0.0,0.0,0.0,0.0,0.0,0.0,0.0,0.0,0.0,0.0,0.0,0.0,0.0,0.0,0.0,0.0,0.0,0.0,0.0,0.0,0.0,0.0,0.0,0.0,0.0,0.0,0.0,0.0,0.0,0.0,0.0,0.0,0.0,0.0,Ath Bilbao,0.0,0.0,0.0,0.0,0.0,0.0,0.0,0.0,0.0,0.0,0.0,0.0,0.0,0.0,0.0,0.0,0.0,0.0,0.0,0.0,0.0,0.0,0.0,0.0,0.0,0.0,0.0,0.0,0.0,0.0,0.0,0.0,0.0,0.0,0.0,0.0,0.0,0.0,0.0,0.0,0.0,0.0,0.0,0.0,0.0,0.0,0.0,0.0,0.0,0.0,0.0,0.0,0.0,0.0,0.0,0.0,0.0,0.0,0.0,0.0,0.0,0.0,0.0,0.0,0.0
SP1,15/09/17,Eibar,Leganes,D,Eibar,3.0,1.0,0.0,0.0,0.0,0.0,0.0,1.0,0.0,0.0,1.0,0.0,0.0,1.0,0.0,0.0,5.0,13.0,10.0,0.0,13.0,0.0,10.0,0.0,4.0,0.0,6.0,0.0,4.0,0.0,0.0,0.0,0.0,0.0,0.0,7.0,3.0,0.0,7.0,0.0,3.0,15.0,16.0,0.0,15.0,0.0,16.0,0.0,0.0,0.0,0.0,0.0,0.0,3.0,2.0,0.0,3.0,0.0,2.0,0.0,0.0,0.0,0.0,0.0,0.0,Leganes,3.0,1.0,0.0,0.0,1.0,0.0,0.0,0.0,0.0,0.0,1.0,0.0,1.0,0.0,0.0,0.0,6.0,16.0,6.0,16.0,0.0,6.0,0.0,9.0,3.0,9.0,0.0,3.0,0.0,0.0,0.0,0.0,0.0,0.0,0.0,4.0,2.0,4.0,0.0,2.0,0.0,14.0,18.0,14.0,0.0,18.0,0.0,0.0,0.0,0.0,0.0,0.0,0.0,0.0,1.0,0.0,0.0,1.0,0.0,0.0,0.0,0.0,0.0,0.0,0.0
SP1,24/09/17,Eibar,Celta,A,Eibar,3.0,1.0,0.0,1.0,0.0,0.0,1.0,1.0,0.0,0.0,1.0,1.0,0.0,1.0,1.0,0.0,11.0,27.0,20.0,14.0,13.0,10.0,10.0,5.0,8.0,5.0,6.0,4.0,4.0,0.0,0.0,0.0,0.0,0.0,0.0,11.0,6.0,4.0,7.0,3.0,3.0,29.0,27.0,14.0,15.0,11.0,16.0,0.0,0.0,0.0,0.0,0.0,0.0,5.0,3.0,1.0,3.0,1.0,2.0,0.0,0.0,1.0,0.0,0.0,0.0,Celta,0.0,0.0,0.0,2.0,0.0,0.0,1.0,0.0,0.0,1.0,3.0,5.0,2.0,1.0,3.0,2.0,19.0,25.0,23.0,16.0,9.0,13.0,10.0,5.0,9.0,5.0,2.0,6.0,3.0,0.0,0.0,0.0,0.0,0.0,0.0,11.0,8.0,5.0,6.0,4.0,4.0,21.0,24.0,12.0,9.0,11.0,13.0,0.0,0.0,0.0,0.0,0.0,0.0,5.0,3.0,3.0,2.0,1.0,2.0,0.0,0.0,0.0,0.0,0.0,0.0
SP1,15/10/17,Eibar,La Coruna,D,Eibar,3.0,1.0,0.0,2.0,0.0,0.0,1.0,1.0,0.0,1.0,1.0,4.0,0.0,1.0,1.0,3.0,14.0,34.0,32.0,14.0,20.0,10.0,22.0,5.0,14.0,5.0,8.0,4.0,10.0,0.0,0.0,0.0,0.0,0.0,0.0,16.0,12.0,4.0,12.0,3.0,9.0,47.0,41.0,14.0,33.0,11.0,30.0,0.0,0.0,0.0,0.0,0.0,0.0,6.0,4.0,1.0,4.0,1.0,3.0,0.0,0.0,1.0,0.0,0.0,0.0,La Coruna,1.0,0.0,1.0,2.0,0.0,0.0,2.0,0.0,1.0,0.0,4.0,9.0,2.0,2.0,7.0,2.0,17.0,34.0,55.0,23.0,11.0,31.0,24.0,10.0,17.0,10.0,4.0,12.0,5.0,0.0,0.0,0.0,0.0,0.0,0.0,14.0,17.0,9.0,5.0,11.0,6.0,46.0,37.0,34.0,12.0,26.0,11.0,0.0,0.0,0.0,0.0,0.0,0.0,8.0,6.0,6.0,2.0,4.0,0.0,0.0,0.0,0.0,0.0,1.0,1.0
SP1,29/10/17,Eibar,Levante,A,Eibar,6.0,2.0,0.0,2.0,1.0,0.0,1.0,1.0,0.0,1.0,2.0,4.0,1.0,1.0,1.0,3.0,13.0,44.0,37.0,24.0,20.0,15.0,22.0,9.0,16.0,9.0,8.0,6.0,10.0,0.0,0.0,0.0,0.0,0.0,0.0,24.0,13.0,12.0,12.0,4.0,9.0,62.0,61.0,29.0,33.0,31.0,30.0,0.0,0.0,0.0,0.0,0.0,0.0,8.0,9.0,3.0,4.0,6.0,3.0,0.0,0.0,1.0,0.0,0.0,0.0,Levante,6.0,1.0,3.0,0.0,1.0,2.0,0.0,0.0,1.0,0.0,5.0,4.0,4.0,1.0,3.0,1.0,9.0,52.0,51.0,47.0,5.0,33.0,18.0,10.0,20.0,10.0,2.0,10.0,10.0,0.0,0.0,0.0,0.0,0.0,0.0,21.0,27.0,18.0,3.0,14.0,13.0,66.0,46.0,50.0,16.0,37.0,9.0,0.0,0.0,0.0,0.0,0.0,0.0,7.0,9.0,3.0,3.0,6.0,2.0,0.0,0.0,1.0,0.0,0.0,1.0
SP1,20/11/17,Eibar,Betis,H,Eibar,6.0,2.0,0.0,3.0,1.0,0.0,1.0,1.0,0.0,2.0,3.0,10.0,1.0,2.0,1.0,9.0,13.0,57.0,48.0,24.0,33.0,15.0,33.0,9.0,26.0,9.0,12.0,6.0,20.0,0.0,0.0,0.0,0.0,0.0,0.0,31.0,20.0,12.0,19.0,4.0,16.0,71.0,65.0,29.0,42.0,31.0,34.0,0.0,0.0,0.0,0.0,0.0,0.0,10.0,9.0,3.0,6.0,6.0,3.0,0.0,0.0,1.0,0.0,0.0,0.0,Betis,9.0,3.0,0.0,2.0,2.0,0.0,0.0,1.0,0.0,2.0,6.0,7.0,4.0,2.0,2.0,5.0,6.0,50.0,76.0,27.0,23.0,20.0,56.0,10.0,21.0,10.0,7.0,5.0,16.0,0.0,0.0,0.0,0.0,0.0,0.0,16.0,34.0,10.0,6.0,10.0,24.0,61.0,66.0,26.0,35.0,28.0,38.0,0.0,0.0,0.0,0.0,0.0,0.0,8.0,10.0,4.0,4.0,5.0,5.0,0.0,0.0,0.0,0.0,0.0,0.0
SP1,03/12/17,Eibar,Espanol,H,Eibar,6.0,2.0,0.0,4.0,1.0,0.0,2.0,1.0,0.0,2.0,3.0,14.0,1.0,2.0,5.0,9.0,15.0,66.0,58.0,33.0,33.0,25.0,33.0,9.0,32.0,9.0,12.0,12.0,20.0,0.0,0.0,0.0,0.0,0.0,0.0,35.0,24.0,16.0,19.0,8.0,16.0,85.0,70.0,43.0,42.0,36.0,34.0,0.0,0.0,0.0,0.0,0.0,0.0,12.0,10.0,5.0,6.0,7.0,3.0,0.0,0.0,1.0,0.0,0.0,0.0,Espanol,8.0,2.0,2.0,2.0,2.0,0.0,1.0,0.0,2.0,1.0,7.0,9.0,6.0,1.0,3.0,6.0,10.0,71.0,87.0,43.0,28.0,44.0,43.0,10.0,33.0,10.0,10.0,15.0,18.0,0.0,0.0,0.0,0.0,0.0,0.0,31.0,32.0,16.0,15.0,12.0,20.0,78.0,77.0,38.0,40.0,35.0,42.0,0.0,0.0,0.0,0.0,0.0,0.0,16.0,18.0,5.0,11.0,9.0,8.0,0.0,0.0,0.0,0.0,0.0,1.0
SP1,27/08/17,Espanol,Leganes,A,Espanol,0.0,0.0,0.0,0.0,0.0,0.0,0.0,0.0,0.0,0.0,0.0,0.0,0.0,0.0,0.0,0.0,0.0,0.0,0.0,0.0,0.0,0.0,0.0,0.0,0.0,0.0,0.0,0.0,0.0,0.0,0.0,0.0,0.0,0.0,0.0,0.0,0.0,0.0,0.0,0.0,0.0,0.0,0.0,0.0,0.0,0.0,0.0,0.0,0.0,0.0,0.0,0.0,0.0,0.0,0.0,0.0,0.0,0.0,0.0,0.0,0.0,0.0,0.0,0.0,0.0,Leganes,0.0,0.0,0.0,0.0,0.0,0.0,0.0,0.0,0.0,0.0,0.0,0.0,0.0,0.0,0.0,0.0,0.0,0.0,0.0,0.0,0.0,0.0,0.0,0.0,0.0,0.0,0.0,0.0,0.0,0.0,0.0,0.0,0.0,0.0,0.0,0.0,0.0,0.0,0.0,0.0,0.0,0.0,0.0,0.0,0.0,0.0,0.0,0.0,0.0,0.0,0.0,0.0,0.0,0.0,0.0,0.0,0.0,0.0,0.0,0.0,0.0,0.0,0.0,0.0,0.0
SP1,18/09/17,Espanol,Celta,H,Espanol,1.0,0.0,1.0,0.0,0.0,0.0,0.0,0.0,1.0,0.0,1.0,1.0,0.0,1.0,0.0,1.0,9.0,9.0,9.0,0.0,9.0,0.0,9.0,0.0,4.0,0.0,6.0,0.0,4.0,0.0,0.0,0.0,0.0,0.0,0.0,3.0,7.0,0.0,3.0,0.0,7.0,12.0,14.0,0.0,12.0,0.0,14.0,0.0,0.0,0.0,0.0,0.0,0.0,4.0,3.0,0.0,4.0,0.0,2.0,0.0,0.0,0.0,0.0,0.0,1.0,Celta,0.0,0.0,0.0,1.0,0.0,0.0,1.0,0.0,0.0,0.0,2.0,3.0,2.0,0.0,3.0,0.0,18.0,16.0,13.0,16.0,0.0,13.0,0.0,5.0,6.0,5.0,0.0,6.0,0.0,0.0,0.0,0.0,0.0,0.0,0.0,5.0,4.0,5.0,0.0,4.0,0.0,12.0,11.0,12.0,0.0,11.0,0.0,0.0,0.0,0.0,0.0,0.0,0.0,3.0,1.0,3.0,0.0,1.0,0.0,0.0,0.0,0.0,0.0,0.0,0.0
SP1,24/09/17,Espanol,La Coruna,H,Espanol,1.0,0.0,1.0,1.0,0.0,0.0,1.0,0.0,1.0,0.0,1.0,2.0,0.0,1.0,1.0,1.0,13.0,26.0,21.0,17.0,9.0,12.0,9.0,2.0,12.0,2.0,6.0,8.0,4.0,0.0,0.0,0.0,0.0,0.0,0.0,12.0,8.0,9.0,3.0,1.0,7.0,22.0,28.0,10.0,12.0,14.0,14.0,0.0,0.0,0.0,0.0,0.0,0.0,7.0,6.0,3.0,4.0,3.0,2.0,0.0,0.0,0.0,0.0,0.0,1.0,La Coruna,1.0,0.0,1.0,1.0,0.0,0.0,1.0,0.0,1.0,0.0,2.0,5.0,0.0,2.0,3.0,2.0,15.0,23.0,40.0,12.0,11.0,16.0,24.0,6.0,13.0,6.0,4.0,8.0,5.0,0.0,0.0,0.0,0.0,0.0,0.0,9.0,10.0,4.0,5.0,4.0,6.0,28.0,23.0,16.0,12.0,12.0,11.0,0.0,0.0,0.0,0.0,0.0,0.0,7.0,3.0,5.0,2.0,1.0,0.0,0.0,0.0,0.0,0.0,1.0,1.0
SP1,13/10/17,Espanol,Levante,D,Espanol,1.0,0.0,1.0,2.0,0.0,0.0,1.0,0.0,1.0,1.0,1.0,7.0,0.0,1.0,1.0,6.0,18.0,35.0,41.0,17.0,18.0,12.0,29.0,2.0,21.0,2.0,7.0,8.0,13.0,0.0,0.0,0.0,0.0,0.0,0.0,19.0,16.0,9.0,10.0,1.0,15.0,40.0,39.0,10.0,30.0,14.0,25.0,0.0,0.0,0.0,0.0,0.0,0.0,12.0,7.0,3.0,9.0,3.0,3.0,0.0,0.0,0.0,0.0,0.0,1.0,Levante,5.0,1.0,2.0,0.0,1.0,1.0,0.0,0.0,1.0,0.0,4.0,3.0,3.0,1.0,2.0,1.0,8.0,43.0,38.0,38.0,5.0,20.0,18.0,8.0,15.0,8.0,2.0,5.0,10.0,0.0,0.0,0.0,0.0,0.0,0.0,20.0,24.0,17.0,3.0,11.0,13.0,45.0,35.0,29.0,16.0,26.0,9.0,0.0,0.0,0.0,0.0,0.0,0.0,5.0,8.0,1.0,3.0,5.0,2.0,0.0,0.0,1.0,0.0,0.0,1.0
SP1,30/10/17,Espanol,Betis,D,Espanol,4.0,1.0,1.0,2.0,1.0,0.0,1.0,0.0,1.0,1.0,3.0,8.0,2.0,1.0,2.0,6.0,14.0,44.0,52.0,26.0,18.0,23.0,29.0,5.0,22.0,5.0,7.0,9.0,13.0,0.0,0.0,0.0,0.0,0.0,0.0,22.0,21.0,12.0,10.0,6.0,15.0,52.0,53.0,22.0,30.0,28.0,25.0,0.0,0.0,0.0,0.0,0.0,0.0,13.0,11.0,4.0,9.0,7.0,3.0,0.0,0.0,0.0,0.0,0.0,1.0,Betis,6.0,2.0,0.0,2.0,2.0,0.0,0.0,0.0,0.0,2.0,5.0,7.0,4.0,1.0,2.0,5.0,7.0,38.0,49.0,27.0,11.0,20.0,29.0,10.0,14.0,10.0,3.0,5.0,9.0,0.0,0.0,0.0,0.0,0.0,0.0,13.0,22.0,10.0,3.0,10.0,12.0,50.0,53.0,26.0,24.0,28.0,25.0,0.0,0.0,0.0,0.0,0.0,0.0,5.0,10.0,4.0,1.0,5.0,5.0,0.0,0.0,0.0,0.0,0.0,0.0
SP1,19/11/17,Espanol,Valencia,D,Espanol,5.0,1.0,2.0,2.0,1.0,0.0,1.0,0.0,2.0,1.0,3.0,8.0,2.0,1.0,2.0,6.0,14.0,54.0,66.0,26.0,28.0,23.0,43.0,5.0,27.0,5.0,10.0,9.0,18.0,0.0,0.0,0.0,0.0,0.0,0.0,27.0,26.0,12.0,15.0,6.0,20.0,62.0,70.0,22.0,40.0,28.0,42.0,0.0,0.0,0.0,0.0,0.0,0.0,15.0,16.0,4.0,11.0,7.0,8.0,0.0,0.0,0.0,0.0,0.0,1.0,Valencia,9.0,2.0,3.0,0.0,2.0,1.0,0.0,0.0,2.0,0.0,9.0,3.0,6.0,3.0,0.0,3.0,7.0,69.0,60.0,49.0,20.0,29.0,31.0,17.0,18.0,17.0,8.0,10.0,8.0,0.0,0.0,0.0,0.0,0.0,0.0,20.0,28.0,13.0,7.0,14.0,14.0,73.0,70.0,50.0,23.0,37.0,33.0,0.0,0.0,0.0,0.0,0.0,0.0,10.0,10.0,4.0,6.0,4.0,5.0,0.0,0.0,0.0,0.0,1.0,0.0
SP1,27/11/17,Espanol,Getafe,D,Espanol,8.0,2.0,2.0,2.0,2.0,0.0,1.0,0.0,2.0,1.0,7.0,9.0,6.0,1.0,3.0,6.0,10.0,71.0,87.0,43.0,28.0,44.0,43.0,10.0,33.0,10.0,10.0,15.0,18.0,0.0,0.0,0.0,0.0,0.0,0.0,31.0,32.0,16.0,15.0,12.0,20.0,78.0,77.0,38.0,40.0,35.0,42.0,0.0,0.0,0.0,0.0,0.0,0.0,16.0,18.0,5.0,11.0,9.0,8.0,0.0,0.0,0.0,0.0,0.0,1.0,Getafe,8.0,2.0,2.0,2.0,1.0,0.0,2.0,1.0,2.0,0.0,8.0,5.0,5.0,3.0,3.0,2.0,11.0,74.0,50.0,45.0,29.0,19.0,31.0,15.0,22.0,15.0,8.0,9.0,13.0,0.0,0.0,0.0,0.0,0.0,0.0,29.0,25.0,17.0,12.0,13.0,12.0,102.0,79.0,46.0,56.0,40.0,39.0,0.0,0.0,0.0,0.0,0.0,0.0,13.0,13.0,3.0,9.0,9.0,4.0,0.0,0.0,0.0,1.0,0.0,0.0
SP1,27/08/17,Getafe,Sevilla,D,Getafe,0.0,0.0,0.0,0.0,0.0,0.0,0.0,0.0,0.0,0.0,0.0,0.0,0.0,0.0,0.0,0.0,0.0,0.0,0.0,0.0,0.0,0.0,0.0,0.0,0.0,0.0,0.0,0.0,0.0,0.0,0.0,0.0,0.0,0.0,0.0,0.0,0.0,0.0,0.0,0.0,0.0,0.0,0.0,0.0,0.0,0.0,0.0,0.0,0.0,0.0,0.0,0.0,0.0,0.0,0.0,0.0,0.0,0.0,0.0,0.0,0.0,0.0,0.0,0.0,0.0,Sevilla,0.0,0.0,0.0,0.0,0.0,0.0,0.0,0.0,0.0,0.0,0.0,0.0,0.0,0.0,0.0,0.0,0.0,0.0,0.0,0.0,0.0,0.0,0.0,0.0,0.0,0.0,0.0,0.0,0.0,0.0,0.0,0.0,0.0,0.0,0.0,0.0,0.0,0.0,0.0,0.0,0.0,0.0,0.0,0.0,0.0,0.0,0.0,0.0,0.0,0.0,0.0,0.0,0.0,0.0,0.0,0.0,0.0,0.0,0.0,0.0,0.0,0.0,0.0,0.0,0.0
SP1,16/09/17,Getafe,Barcelona,H,Getafe,1.0,0.0,1.0,0.0,0.0,0.0,0.0,0.0,1.0,0.0,0.0,0.0,0.0,0.0,0.0,0.0,10.0,8.0,12.0,0.0,8.0,0.0,12.0,0.0,2.0,0.0,2.0,0.0,2.0,0.0,0.0,0.0,0.0,0.0,0.0,6.0,7.0,0.0,6.0,0.0,7.0,15.0,16.0,0.0,15.0,0.0,16.0,0.0,0.0,0.0,0.0,0.0,0.0,4.0,1.0,0.0,3.0,0.0,1.0,0.0,0.0,0.0,1.0,0.0,0.0,Barcelona,3.0,1.0,0.0,0.0,1.0,0.0,0.0,0.0,0.0,0.0,2.0,0.0,2.0,0.0,0.0,0.0,2.0,15.0,3.0,15.0,0.0,3.0,0.0,2.0,0.0,2.0,0.0,0.0,0.0,0.0,0.0,0.0,0.0,0.0,0.0,8.0,0.0,8.0,0.0,0.0,0.0,16.0,15.0,16.0,0.0,15.0,0.0,0.0,0.0,0.0,0.0,0.0,0.0,2.0,1.0,2.0,0.0,1.0,0.0,0.0,0.0,0.0,0.0,0.0,0.0
SP1,24/09/17,Getafe,Villarreal,D,Getafe,1.0,0.0,1.0,1.0,0.0,0.0,1.0,0.0,1.0,0.0,0.0,1.0,0.0,0.0,1.0,0.0,14.0,23.0,18.0,15.0,8.0,6.0,12.0,3.0,5.0,3.0,2.0,3.0,2.0,0.0,0.0,0.0,0.0,0.0,0.0,13.0,12.0,7.0,6.0,5.0,7.0,35.0,26.0,20.0,15.0,10.0,16.0,0.0,0.0,0.0,0.0,0.0,0.0,4.0,2.0,0.0,3.0,1.0,1.0,0.0,0.0,0.0,1.0,0.0,0.0,Villarreal,0.0,0.0,0.0,2.0,0.0,0.0,0.0,0.0,0.0,2.0,0.0,4.0,0.0,0.0,0.0,4.0,20.0,15.0,29.0,0.0,15.0,0.0,29.0,0.0,12.0,0.0,2.0,0.0,12.0,0.0,0.0,0.0,0.0,0.0,0.0,10.0,21.0,0.0,10.0,0.0,21.0,36.0,30.0,0.0,36.0,0.0,30.0,0.0,0.0,0.0,0.0,0.0,0.0,5.0,3.0,0.0,5.0,0.0,3.0,0.0,0.0,0.0,0.0,0.0,0.0
SP1,14/10/17,Getafe,Real Madrid,A,Getafe,4.0,1.0,1.0,1.0,0.0,0.0,1.0,1.0,1.0,0.0,2.0,2.0,0.0,2.0,1.0,1.0,10.0,34.0,29.0,15.0,19.0,6.0,23.0,3.0,12.0,3.0,5.0,3.0,9.0,0.0,0.0,0.0,0.0,0.0,0.0,17.0,14.0,7.0,10.0,5.0,9.0,55.0,40.0,20.0,35.0,10.0,30.0,0.0,0.0,0.0,0.0,0.0,0.0,6.0,3.0,0.0,5.0,1.0,2.0,0.0,0.0,0.0,1.0,0.0,0.0,Real Madrid,5.0,1.0,2.0,0.0,0.0,2.0,0.0,1.0,0.0,0.0,6.0,3.0,3.0,3.0,3.0,0.0,6.0,56.0,24.0,40.0,16.0,12.0,12.0,16.0,11.0,16.0,8.0,5.0,6.0,0.0,0.0,0.0,0.0,0.0,0.0,30.0,11.0,26.0,4.0,7.0,4.0,33.0,44.0,21.0,12.0,28.0,16.0,0.0,0.0,0.0,0.0,0.0,0.0,8.0,13.0,5.0,1.0,8.0,5.0,0.0,0.0,1.0,1.0,0.0,0.0
SP1,29/10/17,Getafe,Sociedad,A,Getafe,4.0,1.0,1.0,2.0,0.0,0.0,2.0,1.0,1.0,0.0,3.0,4.0,1.0,2.0,3.0,1.0,16.0,47.0,36.0,28.0,19.0,13.0,23.0,7.0,17.0,7.0,5.0,8.0,9.0,0.0,0.0,0.0,0.0,0.0,0.0,20.0,18.0,10.0,10.0,9.0,9.0,70.0,54.0,35.0,35.0,24.0,30.0,0.0,0.0,0.0,0.0,0.0,0.0,8.0,7.0,2.0,5.0,5.0,2.0,0.0,0.0,0.0,1.0,0.0,0.0,Sociedad,9.0,3.0,0.0,1.0,1.0,0.0,1.0,2.0,0.0,0.0,11.0,7.0,4.0,7.0,3.0,4.0,3.0,53.0,51.0,25.0,28.0,24.0,27.0,14.0,16.0,14.0,10.0,7.0,9.0,0.0,0.0,0.0,0.0,0.0,0.0,25.0,20.0,14.0,11.0,10.0,10.0,49.0,67.0,24.0,25.0,37.0,30.0,0.0,0.0,0.0,0.0,0.0,0.0,9.0,8.0,5.0,4.0,4.0,4.0,0.0,0.0,0.0,0.0,0.0,0.0
SP1,18/11/17,Getafe,Alaves,H,Getafe,5.0,1.0,2.0,2.0,0.0,0.0,2.0,1.0,2.0,0.0,4.0,5.0,1.0,3.0,3.0,2.0,16.0,57.0,44.0,28.0,29.0,13.0,31.0,7.0,21.0,7.0,8.0,8.0,13.0,0.0,0.0,0.0,0.0,0.0,0.0,22.0,21.0,10.0,12.0,9.0,12.0,91.0,63.0,35.0,56.0,24.0,39.0,0.0,0.0,0.0,0.0,0.0,0.0,12.0,9.0,2.0,9.0,5.0,4.0,0.0,0.0,0.0,1.0,0.0,0.0,Alaves,0.0,0.0,0.0,5.0,0.0,0.0,2.0,0.0,0.0,3.0,0.0,8.0,0.0,0.0,5.0,3.0,19.0,46.0,90.0,27.0,19.0,39.0,51.0,4.0,32.0,4.0,9.0,17.0,15.0,0.0,0.0,0.0,0.0,0.0,0.0,11.0,35.0,3.0,8.0,17.0,18.0,78.0,82.0,24.0,54.0,35.0,47.0,0.0,0.0,0.0,0.0,0.0,0.0,11.0,9.0,4.0,7.0,5.0,4.0,0.0,0.0,0.0,0.0,0.0,0.0
SP1,03/12/17,Getafe,Valencia,D,Getafe,8.0,2.0,2.0,2.0,1.0,0.0,2.0,1.0,2.0,0.0,8.0,5.0,5.0,3.0,3.0,2.0,11.0,74.0,50.0,45.0,29.0,19.0,31.0,15.0,22.0,15.0,8.0,9.0,13.0,0.0,0.0,0.0,0.0,0.0,0.0,29.0,25.0,17.0,12.0,13.0,12.0,102.0,79.0,46.0,56.0,40.0,39.0,0.0,0.0,0.0,0.0,0.0,0.0,13.0,13.0,3.0,9.0,9.0,4.0,0.0,0.0,0.0,1.0,0.0,0.0,Valencia,12.0,3.0,3.0,0.0,2.0,1.0,0.0,1.0,2.0,0.0,12.0,5.0,6.0,6.0,0.0,5.0,5.0,82.0,78.0,49.0,33.0,29.0,49.0,17.0,24.0,17.0,12.0,10.0,14.0,0.0,0.0,0.0,0.0,0.0,0.0,26.0,35.0,13.0,13.0,14.0,21.0,86.0,81.0,50.0,36.0,37.0,44.0,0.0,0.0,0.0,0.0,0.0,0.0,18.0,14.0,4.0,13.0,4.0,8.0,0.0,0.0,0.0,1.0,1.0,1.0
SP1,19/08/17,Girona,Ath Madrid,H,Girona,0.0,0.0,0.0,0.0,0.0,0.0,0.0,0.0,0.0,0.0,0.0,0.0,0.0,0.0,0.0,0.0,0.0,0.0,0.0,0.0,0.0,0.0,0.0,0.0,0.0,0.0,0.0,0.0,0.0,0.0,0.0,0.0,0.0,0.0,0.0,0.0,0.0,0.0,0.0,0.0,0.0,0.0,0.0,0.0,0.0,0.0,0.0,0.0,0.0,0.0,0.0,0.0,0.0,0.0,0.0,0.0,0.0,0.0,0.0,0.0,0.0,0.0,0.0,0.0,0.0,Ath Madrid,0.0,0.0,0.0,0.0,0.0,0.0,0.0,0.0,0.0,0.0,0.0,0.0,0.0,0.0,0.0,0.0,0.0,0.0,0.0,0.0,0.0,0.0,0.0,0.0,0.0,0.0,0.0,0.0,0.0,0.0,0.0,0.0,0.0,0.0,0.0,0.0,0.0,0.0,0.0,0.0,0.0,0.0,0.0,0.0,0.0,0.0,0.0,0.0,0.0,0.0,0.0,0.0,0.0,0.0,0.0,0.0,0.0,0.0,0.0,0.0,0.0,0.0,0.0,0.0,0.0
SP1,26/08/17,Girona,Malaga,H,Girona,1.0,0.0,1.0,0.0,0.0,1.0,0.0,0.0,0.0,0.0,2.0,2.0,2.0,0.0,2.0,0.0,11.0,13.0,9.0,13.0,0.0,9.0,0.0,6.0,3.0,6.0,0.0,3.0,0.0,0.0,0.0,0.0,0.0,0.0,0.0,6.0,0.0,6.0,0.0,0.0,0.0,15.0,15.0,15.0,0.0,15.0,0.0,0.0,0.0,0.0,0.0,0.0,0.0,2.0,5.0,2.0,0.0,4.0,0.0,0.0,0.0,0.0,0.0,1.0,0.0,Malaga,0.0,0.0,0.0,1.0,0.0,0.0,1.0,0.0,0.0,0.0,0.0,1.0,0.0,0.0,1.0,0.0,16.0,10.0,13.0,10.0,0.0,13.0,0.0,4.0,6.0,4.0,0.0,6.0,0.0,0.0,0.0,0.0,0.0,0.0,0.0,3.0,7.0,3.0,0.0,7.0,0.0,16.0,15.0,16.0,0.0,15.0,0.0,0.0,0.0,0.0,0.0,0.0,0.0,2.0,3.0,2.0,0.0,3.0,0.0,0.0,0.0,0.0,0.0,0.0,0.0
SP1,17/09/17,Girona,Sevilla,D,Girona,4.0,1.0,1.0,0.0,1.0,1.0,0.0,0.0,0.0,0.0,3.0,2.0,3.0,0.0,2.0,0.0,8.0,28.0,16.0,28.0,0.0,16.0,0.0,10.0,5.0,10.0,0.0,5.0,0.0,0.0,0.0,0.0,0.0,0.0,0.0,8.0,3.0,8.0,0.0,3.0,0.0,26.0,30.0,26.0,0.0,30.0,0.0,0.0,0.0,0.0,0.0,0.0,0.0,5.0,9.0,5.0,0.0,8.0,0.0,0.0,0.0,0.0,0.0,1.0,0.0,Sevilla,4.0,1.0,1.0,0.0,0.0,1.0,0.0,1.0,0.0,0.0,2.0,1.0,1.0,1.0,1.0,0.0,6.0,15.0,24.0,9.0,6.0,9.0,15.0,4.0,9.0,4.0,3.0,6.0,3.0,0.0,0.0,0.0,0.0,0.0,0.0,12.0,10.0,7.0,5.0,3.0,7.0,24.0,32.0,14.0,10.0,12.0,20.0,0.0,0.0,0.0,0.0,0.0,0.0,4.0,4.0,2.0,1.0,4.0,0.0,0.0,0.0,1.0,0.0,0.0,0.0
SP1,23/09/17,Girona,Barcelona,A,Girona,4.0,1.0,1.0,1.0,1.0,1.0,0.0,0.0,0.0,1.0,3.0,4.0,3.0,0.0,2.0,2.0,11.0,39.0,23.0,28.0,11.0,16.0,7.0,10.0,9.0,10.0,7.0,5.0,4.0,0.0,0.0,0.0,0.0,0.0,0.0,12.0,9.0,8.0,4.0,3.0,6.0,44.0,49.0,26.0,18.0,30.0,19.0,0.0,0.0,0.0,0.0,0.0,0.0,11.0,13.0,5.0,6.0,8.0,4.0,0.0,0.0,0.0,0.0,1.0,0.0,Barcelona,9.0,3.0,0.0,0.0,2.0,0.0,0.0,1.0,0.0,0.0,9.0,0.0,7.0,2.0,0.0,0.0,2.0,58.0,23.0,35.0,23.0,12.0,11.0,11.0,3.0,11.0,11.0,1.0,2.0,0.0,0.0,0.0,0.0,0.0,0.0,30.0,8.0,16.0,14.0,7.0,1.0,37.0,45.0,27.0,10.0,33.0,12.0,0.0,0.0,0.0,0.0,0.0,0.0,6.0,8.0,3.0,3.0,6.0,2.0,0.0,0.0,0.0,0.0,0.0,0.0
SP1,15/10/17,Girona,Villarreal,A,Girona,4.0,1.0,1.0,2.0,1.0,1.0,1.0,0.0,0.0,1.0,3.0,5.0,3.0,0.0,3.0,2.0,15.0,52.0,36.0,41.0,11.0,29.0,7.0,10.0,17.0,10.0,7.0,13.0,4.0,0.0,0.0,0.0,0.0,0.0,0.0,20.0,10.0,16.0,4.0,4.0,6.0,58.0,68.0,40.0,18.0,49.0,19.0,0.0,0.0,0.0,0.0,0.0,0.0,13.0,18.0,7.0,6.0,13.0,4.0,0.0,0.0,0.0,0.0,1.0,0.0,Villarreal,6.0,2.0,0.0,2.0,1.0,0.0,0.0,1.0,0.0,2.0,6.0,5.0,3.0,3.0,1.0,4.0,11.0,45.0,53.0,14.0,31.0,8.0,45.0,7.0,17.0,7.0,8.0,3.0,14.0,0.0,0.0,0.0,0.0,0.0,0.0,17.0,26.0,4.0,13.0,3.0,23.0,70.0,51.0,9.0,61.0,9.0,42.0,0.0,0.0,0.0,0.0,0.0,0.0,10.0,5.0,3.0,7.0,0.0,5.0,0.0,0.0,0.0,0.0,0.0,0.0
SP1,29/10/17,Girona,Real Madrid,A,Girona,5.0,1.0,2.0,2.0,1.0,1.0,1.0,0.0,1.0,1.0,3.0,5.0,3.0,0.0,3.0,2.0,15.0,62.0,48.0,41.0,21.0,29.0,19.0,10.0,18.0,10.0,7.0,13.0,5.0,0.0,0.0,0.0,0.0,0.0,0.0,23.0,16.0,16.0,7.0,4.0,12.0,78.0,87.0,40.0,38.0,49.0,38.0,0.0,0.0,0.0,0.0,0.0,0.0,16.0,20.0,7.0,9.0,13.0,6.0,0.0,0.0,0.0,0.0,1.0,0.0,Real Madrid,8.0,2.0,2.0,1.0,0.0,2.0,1.0,2.0,0.0,0.0,9.0,5.0,3.0,6.0,4.0,1.0,8.0,101.0,46.0,67.0,34.0,24.0,22.0,23.0,20.0,23.0,14.0,9.0,11.0,0.0,0.0,0.0,0.0,0.0,0.0,48.0,18.0,38.0,10.0,10.0,8.0,61.0,67.0,34.0,27.0,39.0,28.0,0.0,0.0,0.0,0.0,0.0,0.0,10.0,19.0,5.0,3.0,11.0,8.0,0.0,0.0,1.0,1.0,0.0,0.0
SP1,17/11/17,Girona,Sociedad,A,Girona,5.0,1.0,2.0,3.0,1.0,1.0,2.0,0.0,1.0,1.0,3.0,8.0,3.0,0.0,6.0,2.0,17.0,75.0,57.0,54.0,21.0,38.0,19.0,12.0,23.0,12.0,7.0,18.0,5.0,0.0,0.0,0.0,0.0,0.0,0.0,32.0,19.0,25.0,7.0,7.0,12.0,99.0,92.0,61.0,38.0,54.0,38.0,0.0,0.0,0.0,0.0,0.0,0.0,19.0,20.0,10.0,9.0,13.0,6.0,0.0,0.0,0.0,0.0,1.0,0.0,Sociedad,9.0,3.0,0.0,3.0,1.0,0.0,2.0,2.0,0.0,1.0,13.0,13.0,6.0,7.0,6.0,7.0,9.0,84.0,77.0,43.0,41.0,37.0,40.0,20.0,29.0,20.0,13.0,11.0,18.0,0.0,0.0,0.0,0.0,0.0,0.0,38.0,29.0,21.0,17.0,16.0,13.0,71.0,93.0,35.0,36.0,50.0,43.0,0.0,0.0,0.0,0.0,0.0,0.0,14.0,18.0,8.0,4.0,11.0,6.0,0.0,0.0,1.0,1.0,1.0,0.0
SP1,04/12/17,Girona,Alaves,D,Girona,6.0,1.0,3.0,3.0,1.0,1.0,2.0,0.0,2.0,1.0,6.0,11.0,3.0,3.0,6.0,5.0,18.0,85.0,73.0,54.0,31.0,38.0,35.0,12.0,32.0,12.0,13.0,18.0,14.0,0.0,0.0,0.0,0.0,0.0,0.0,38.0,24.0,25.0,13.0,7.0,17.0,116.0,101.0,61.0,55.0,54.0,47.0,0.0,0.0,0.0,0.0,0.0,0.0,24.0,22.0,10.0,14.0,13.0,8.0,0.0,0.0,0.0,0.0,1.0,0.0,Alaves,3.0,1.0,0.0,6.0,0.0,0.0,3.0,1.0,0.0,3.0,3.0,10.0,1.0,2.0,7.0,3.0,19.0,62.0,124.0,35.0,27.0,60.0,64.0,7.0,39.0,7.0,12.0,24.0,15.0,0.0,0.0,0.0,0.0,0.0,0.0,20.0,56.0,8.0,12.0,30.0,26.0,115.0,112.0,43.0,72.0,54.0,58.0,0.0,0.0,0.0,0.0,0.0,0.0,20.0,13.0,9.0,11.0,7.0,6.0,0.0,0.0,0.0,0.0,0.0,0.0
SP1,20/08/17,La Coruna,Real Madrid,A,La Coruna,0.0,0.0,0.0,0.0,0.0,0.0,0.0,0.0,0.0,0.0,0.0,0.0,0.0,0.0,0.0,0.0,0.0,0.0,0.0,0.0,0.0,0.0,0.0,0.0,0.0,0.0,0.0,0.0,0.0,0.0,0.0,0.0,0.0,0.0,0.0,0.0,0.0,0.0,0.0,0.0,0.0,0.0,0.0,0.0,0.0,0.0,0.0,0.0,0.0,0.0,0.0,0.0,0.0,0.0,0.0,0.0,0.0,0.0,0.0,0.0,0.0,0.0,0.0,0.0,0.0,Real Madrid,0.0,0.0,0.0,0.0,0.0,0.0,0.0,0.0,0.0,0.0,0.0,0.0,0.0,0.0,0.0,0.0,0.0,0.0,0.0,0.0,0.0,0.0,0.0,0.0,0.0,0.0,0.0,0.0,0.0,0.0,0.0,0.0,0.0,0.0,0.0,0.0,0.0,0.0,0.0,0.0,0.0,0.0,0.0,0.0,0.0,0.0,0.0,0.0,0.0,0.0,0.0,0.0,0.0,0.0,0.0,0.0,0.0,0.0,0.0,0.0,0.0,0.0,0.0,0.0,0.0
SP1,10/09/17,La Coruna,Sociedad,A,La Coruna,0.0,0.0,0.0,1.0,0.0,0.0,1.0,0.0,0.0,0.0,0.0,3.0,0.0,0.0,3.0,0.0,15.0,12.0,16.0,12.0,0.0,16.0,0.0,6.0,8.0,6.0,0.0,8.0,0.0,0.0,0.0,0.0,0.0,0.0,0.0,4.0,4.0,4.0,0.0,4.0,0.0,16.0,12.0,16.0,0.0,12.0,0.0,0.0,0.0,0.0,0.0,0.0,0.0,5.0,2.0,5.0,0.0,1.0,0.0,0.0,0.0,0.0,0.0,1.0,0.0,Sociedad,3.0,1.0,0.0,0.0,0.0,0.0,0.0,1.0,0.0,0.0,3.0,2.0,0.0,3.0,0.0,2.0,4.0,13.0,16.0,0.0,13.0,0.0,16.0,0.0,5.0,0.0,6.0,0.0,5.0,0.0,0.0,0.0,0.0,0.0,0.0,4.0,5.0,0.0,4.0,0.0,5.0,11.0,12.0,0.0,11.0,0.0,12.0,0.0,0.0,0.0,0.0,0.0,0.0,1.0,3.0,0.0,1.0,0.0,3.0,0.0,0.0,0.0,0.0,0.0,0.0
SP1,20/09/17,La Coruna,Alaves,H,La Coruna,1.0,0.0,1.0,1.0,0.0,0.0,1.0,0.0,1.0,0.0,2.0,5.0,0.0,2.0,3.0,2.0,15.0,23.0,40.0,12.0,11.0,16.0,24.0,6.0,13.0,6.0,4.0,8.0,5.0,0.0,0.0,0.0,0.0,0.0,0.0,9.0,10.0,4.0,5.0,4.0,6.0,28.0,23.0,16.0,12.0,12.0,11.0,0.0,0.0,0.0,0.0,0.0,0.0,7.0,3.0,5.0,2.0,1.0,0.0,0.0,0.0,0.0,0.0,1.0,1.0,Alaves,0.0,0.0,0.0,2.0,0.0,0.0,1.0,0.0,0.0,1.0,0.0,3.0,0.0,0.0,2.0,1.0,16.0,17.0,39.0,11.0,6.0,23.0,16.0,2.0,20.0,2.0,3.0,11.0,9.0,0.0,0.0,0.0,0.0,0.0,0.0,3.0,18.0,1.0,2.0,14.0,4.0,30.0,24.0,12.0,18.0,10.0,14.0,0.0,0.0,0.0,0.0,0.0,0.0,3.0,3.0,2.0,1.0,3.0,0.0,0.0,0.0,0.0,0.0,0.0,0.0
SP1,30/09/17,La Coruna,Getafe,D,La Coruna,1.0,0.0,1.0,2.0,0.0,0.0,2.0,0.0,1.0,0.0,4.0,9.0,2.0,2.0,7.0,2.0,17.0,34.0,55.0,23.0,11.0,31.0,24.0,10.0,17.0,10.0,4.0,12.0,5.0,0.0,0.0,0.0,0.0,0.0,0.0,14.0,17.0,9.0,5.0,11.0,6.0,46.0,37.0,34.0,12.0,26.0,11.0,0.0,0.0,0.0,0.0,0.0,0.0,8.0,6.0,6.0,2.0,4.0,0.0,0.0,0.0,0.0,0.0,1.0,1.0,Getafe,4.0,1.0,1.0,1.0,0.0,0.0,1.0,1.0,1.0,0.0,2.0,2.0,0.0,2.0,1.0,1.0,10.0,34.0,29.0,15.0,19.0,6.0,23.0,3.0,12.0,3.0,5.0,3.0,9.0,0.0,0.0,0.0,0.0,0.0,0.0,17.0,14.0,7.0,10.0,5.0,9.0,55.0,40.0,20.0,35.0,10.0,30.0,0.0,0.0,0.0,0.0,0.0,0.0,6.0,3.0,0.0,5.0,1.0,2.0,0.0,0.0,0.0,1.0,0.0,0.0
SP1,23/10/17,La Coruna,Girona,A,La Coruna,1.0,0.0,1.0,3.0,0.0,0.0,2.0,0.0,1.0,1.0,5.0,11.0,2.0,3.0,7.0,4.0,18.0,45.0,72.0,23.0,22.0,31.0,41.0,10.0,24.0,10.0,7.0,12.0,12.0,0.0,0.0,0.0,0.0,0.0,0.0,18.0,23.0,9.0,9.0,11.0,12.0,65.0,50.0,34.0,31.0,26.0,24.0,0.0,0.0,0.0,0.0,0.0,0.0,11.0,8.0,6.0,5.0,4.0,2.0,0.0,0.0,0.0,0.0,1.0,1.0,Girona,4.0,1.0,1.0,2.0,1.0,1.0,1.0,0.0,0.0,1.0,3.0,5.0,3.0,0.0,3.0,2.0,15.0,52.0,36.0,41.0,11.0,29.0,7.0,10.0,17.0,10.0,7.0,13.0,4.0,0.0,0.0,0.0,0.0,0.0,0.0,20.0,10.0,16.0,4.0,4.0,6.0,58.0,68.0,40.0,18.0,49.0,19.0,0.0,0.0,0.0,0.0,0.0,0.0,13.0,18.0,7.0,6.0,13.0,4.0,0.0,0.0,0.0,0.0,1.0,0.0
SP1,04/11/17,La Coruna,Ath Madrid,D,La Coruna,4.0,1.0,1.0,3.0,1.0,0.0,2.0,0.0,1.0,1.0,6.0,11.0,3.0,3.0,7.0,4.0,18.0,60.0,80.0,38.0,22.0,39.0,41.0,13.0,27.0,13.0,7.0,15.0,12.0,0.0,0.0,0.0,0.0,0.0,0.0,23.0,25.0,14.0,9.0,13.0,12.0,81.0,69.0,50.0,31.0,45.0,24.0,0.0,0.0,0.0,0.0,0.0,0.0,11.0,10.0,6.0,5.0,6.0,2.0,0.0,0.0,0.0,0.0,1.0,1.0,Ath Madrid,11.0,3.0,2.0,0.0,1.0,0.0,0.0,2.0,2.0,0.0,10.0,4.0,1.0,9.0,0.0,4.0,3.0,63.0,55.0,17.0,46.0,9.0,46.0,4.0,21.0,4.0,22.0,4.0,17.0,0.0,0.0,0.0,0.0,0.0,0.0,13.0,24.0,8.0,5.0,4.0,20.0,59.0,68.0,9.0,50.0,15.0,53.0,0.0,0.0,0.0,0.0,0.0,0.0,10.0,9.0,2.0,7.0,2.0,7.0,0.0,0.0,0.0,1.0,0.0,0.0
SP1,26/11/17,La Coruna,Ath Bilbao,D,La Coruna,4.0,1.0,1.0,4.0,1.0,0.0,2.0,0.0,1.0,2.0,7.0,15.0,3.0,4.0,7.0,8.0,18.0,81.0,97.0,38.0,43.0,39.0,58.0,13.0,32.0,13.0,13.0,15.0,17.0,0.0,0.0,0.0,0.0,0.0,0.0,29.0,29.0,14.0,15.0,13.0,16.0,88.0,85.0,50.0,38.0,45.0,40.0,0.0,0.0,0.0,0.0,0.0,0.0,13.0,11.0,6.0,7.0,6.0,3.0,0.0,0.0,0.0,0.0,1.0,1.0,Ath Bilbao,8.0,2.0,2.0,2.0,1.0,1.0,1.0,1.0,1.0,1.0,7.0,6.0,3.0,4.0,2.0,4.0,12.0,60.0,76.0,31.0,29.0,35.0,41.0,13.0,33.0,13.0,16.0,18.0,15.0,0.0,0.0,0.0,0.0,0.0,0.0,29.0,26.0,19.0,10.0,10.0,16.0,85.0,87.0,47.0,38.0,45.0,42.0,0.0,0.0,0.0,0.0,0.0,0.0,11.0,24.0,5.0,6.0,11.0,10.0,0.0,0.0,0.0,0.0,1.0,2.0
SP1,26/08/17,Las Palmas,Ath Madrid,A,Las Palmas,0.0,0.0,0.0,0.0,0.0,0.0,0.0,0.0,0.0,0.0,0.0,0.0,0.0,0.0,0.0,0.0,0.0,0.0,0.0,0.0,0.0,0.0,0.0,0.0,0.0,0.0,0.0,0.0,0.0,0.0,0.0,0.0,0.0,0.0,0.0,0.0,0.0,0.0,0.0,0.0,0.0,0.0,0.0,0.0,0.0,0.0,0.0,0.0,0.0,0.0,0.0,0.0,0.0,0.0,0.0,0.0,0.0,0.0,0.0,0.0,0.0,0.0,0.0,0.0,0.0,Ath Madrid,0.0,0.0,0.0,0.0,0.0,0.0,0.0,0.0,0.0,0.0,0.0,0.0,0.0,0.0,0.0,0.0,0.0,0.0,0.0,0.0,0.0,0.0,0.0,0.0,0.0,0.0,0.0,0.0,0.0,0.0,0.0,0.0,0.0,0.0,0.0,0.0,0.0,0.0,0.0,0.0,0.0,0.0,0.0,0.0,0.0,0.0,0.0,0.0,0.0,0.0,0.0,0.0,0.0,0.0,0.0,0.0,0.0,0.0,0.0,0.0,0.0,0.0,0.0,0.0,0.0
SP1,17/09/17,Las Palmas,Ath Bilbao,D,Las Palmas,0.0,0.0,0.0,1.0,0.0,0.0,0.0,0.0,0.0,1.0,0.0,1.0,0.0,0.0,0.0,1.0,17.0,5.0,22.0,0.0,5.0,0.0,22.0,0.0,6.0,0.0,4.0,0.0,6.0,0.0,0.0,0.0,0.0,0.0,0.0,2.0,5.0,0.0,2.0,0.0,5.0,13.0,25.0,0.0,13.0,0.0,25.0,0.0,0.0,0.0,0.0,0.0,0.0,4.0,3.0,0.0,3.0,0.0,3.0,0.0,0.0,0.0,1.0,0.0,0.0,Ath Bilbao,1.0,0.0,1.0,0.0,0.0,1.0,0.0,0.0,0.0,0.0,0.0,0.0,0.0,0.0,0.0,0.0,12.0,12.0,8.0,12.0,0.0,8.0,0.0,2.0,2.0,2.0,0.0,2.0,0.0,0.0,0.0,0.0,0.0,0.0,0.0,7.0,6.0,7.0,0.0,6.0,0.0,16.0,15.0,16.0,0.0,15.0,0.0,0.0,0.0,0.0,0.0,0.0,0.0,1.0,4.0,1.0,0.0,3.0,0.0,0.0,0.0,0.0,0.0,1.0,0.0
SP1,24/09/17,Las Palmas,Leganes,D,Las Palmas,0.0,0.0,0.0,2.0,0.0,0.0,1.0,0.0,0.0,1.0,1.0,6.0,1.0,0.0,5.0,1.0,18.0,15.0,30.0,10.0,5.0,8.0,22.0,4.0,12.0,4.0,4.0,6.0,6.0,0.0,0.0,0.0,0.0,0.0,0.0,6.0,7.0,4.0,2.0,2.0,5.0,23.0,34.0,10.0,13.0,9.0,25.0,0.0,0.0,0.0,0.0,0.0,0.0,8.0,4.0,4.0,3.0,1.0,3.0,0.0,0.0,0.0,1.0,0.0,0.0,Leganes,6.0,2.0,0.0,0.0,1.0,0.0,0.0,1.0,0.0,0.0,2.0,0.0,1.0,1.0,0.0,0.0,2.0,28.0,23.0,16.0,12.0,6.0,17.0,9.0,5.0,9.0,8.0,3.0,2.0,0.0,0.0,0.0,0.0,0.0,0.0,5.0,11.0,4.0,1.0,2.0,9.0,28.0,28.0,14.0,14.0,18.0,10.0,0.0,0.0,0.0,0.0,0.0,0.0,3.0,4.0,0.0,3.0,1.0,3.0,0.0,0.0,0.0,0.0,0.0,0.0
SP1,16/10/17,Las Palmas,Celta,A,Las Palmas,3.0,1.0,0.0,2.0,0.0,0.0,1.0,1.0,0.0,1.0,4.0,7.0,1.0,3.0,5.0,2.0,13.0,25.0,44.0,10.0,15.0,8.0,36.0,4.0,18.0,4.0,12.0,6.0,12.0,0.0,0.0,0.0,0.0,0.0,0.0,8.0,10.0,4.0,4.0,2.0,8.0,34.0,56.0,10.0,24.0,9.0,47.0,0.0,0.0,0.0,0.0,0.0,0.0,10.0,8.0,4.0,5.0,1.0,7.0,0.0,0.0,0.0,1.0,0.0,0.0,Celta,3.0,1.0,0.0,2.0,1.0,0.0,1.0,0.0,0.0,1.0,4.0,5.0,3.0,1.0,3.0,2.0,12.0,45.0,28.0,36.0,9.0,18.0,10.0,8.0,12.0,8.0,2.0,9.0,3.0,0.0,0.0,0.0,0.0,0.0,0.0,20.0,12.0,14.0,6.0,8.0,4.0,38.0,41.0,29.0,9.0,28.0,13.0,0.0,0.0,0.0,0.0,0.0,0.0,9.0,7.0,7.0,2.0,5.0,2.0,0.0,0.0,0.0,0.0,0.0,0.0
SP1,30/10/17,Las Palmas,La Coruna,D,Las Palmas,6.0,2.0,0.0,2.0,1.0,0.0,1.0,1.0,0.0,1.0,5.0,7.0,2.0,3.0,5.0,2.0,12.0,37.0,55.0,22.0,15.0,19.0,36.0,7.0,23.0,7.0,12.0,11.0,12.0,0.0,0.0,0.0,0.0,0.0,0.0,15.0,16.0,11.0,4.0,8.0,8.0,46.0,75.0,22.0,24.0,28.0,47.0,0.0,0.0,0.0,0.0,0.0,0.0,12.0,11.0,6.0,5.0,4.0,7.0,0.0,0.0,0.0,1.0,0.0,0.0,La Coruna,1.0,0.0,1.0,3.0,0.0,0.0,2.0,0.0,1.0,1.0,5.0,11.0,2.0,3.0,7.0,4.0,18.0,45.0,72.0,23.0,22.0,31.0,41.0,10.0,24.0,10.0,7.0,12.0,12.0,0.0,0.0,0.0,0.0,0.0,0.0,18.0,23.0,9.0,9.0,11.0,12.0,65.0,50.0,34.0,31.0,26.0,24.0,0.0,0.0,0.0,0.0,0.0,0.0,11.0,8.0,6.0,5.0,4.0,2.0,0.0,0.0,0.0,0.0,1.0,1.0
SP1,19/11/17,Las Palmas,Levante,D,Las Palmas,6.0,2.0,0.0,3.0,1.0,0.0,1.0,1.0,0.0,2.0,5.0,8.0,2.0,3.0,5.0,3.0,12.0,43.0,69.0,22.0,21.0,19.0,50.0,7.0,32.0,7.0,12.0,11.0,21.0,0.0,0.0,0.0,0.0,0.0,0.0,15.0,28.0,11.0,4.0,8.0,20.0,54.0,96.0,22.0,32.0,28.0,68.0,0.0,0.0,0.0,0.0,0.0,0.0,14.0,13.0,6.0,7.0,4.0,9.0,0.0,0.0,0.0,1.0,0.0,0.0,Levante,9.0,2.0,3.0,0.0,2.0,2.0,0.0,0.0,1.0,0.0,8.0,4.0,7.0,1.0,3.0,1.0,4.0,65.0,64.0,60.0,5.0,46.0,18.0,19.0,23.0,19.0,2.0,13.0,10.0,0.0,0.0,0.0,0.0,0.0,0.0,24.0,33.0,21.0,3.0,20.0,13.0,79.0,57.0,63.0,16.0,48.0,9.0,0.0,0.0,0.0,0.0,0.0,0.0,9.0,10.0,5.0,3.0,6.0,2.0,0.0,0.0,1.0,0.0,1.0,1.0
SP1,03/12/17,Las Palmas,Betis,H,Las Palmas,6.0,2.0,0.0,4.0,1.0,0.0,2.0,1.0,0.0,2.0,5.0,10.0,2.0,3.0,7.0,3.0,16.0,51.0,78.0,30.0,21.0,28.0,50.0,10.0,35.0,10.0,12.0,14.0,21.0,0.0,0.0,0.0,0.0,0.0,0.0,18.0,30.0,14.0,4.0,10.0,20.0,64.0,111.0,32.0,32.0,43.0,68.0,0.0,0.0,0.0,0.0,0.0,0.0,15.0,16.0,7.0,7.0,7.0,9.0,0.0,0.0,0.0,1.0,0.0,0.0,Betis,12.0,4.0,0.0,2.0,3.0,0.0,0.0,1.0,0.0,2.0,10.0,7.0,8.0,2.0,2.0,5.0,4.0,64.0,84.0,41.0,23.0,28.0,56.0,16.0,22.0,16.0,7.0,6.0,16.0,0.0,0.0,0.0,0.0,0.0,0.0,22.0,37.0,16.0,6.0,13.0,24.0,70.0,71.0,35.0,35.0,33.0,38.0,0.0,0.0,0.0,0.0,0.0,0.0,9.0,10.0,5.0,4.0,5.0,5.0,0.0,0.0,0.0,0.0,0.0,0.0
SP1,18/08/17,Leganes,Alaves,H,Leganes,0.0,0.0,0.0,0.0,0.0,0.0,0.0,0.0,0.0,0.0,0.0,0.0,0.0,0.0,0.0,0.0,0.0,0.0,0.0,0.0,0.0,0.0,0.0,0.0,0.0,0.0,0.0,0.0,0.0,0.0,0.0,0.0,0.0,0.0,0.0,0.0,0.0,0.0,0.0,0.0,0.0,0.0,0.0,0.0,0.0,0.0,0.0,0.0,0.0,0.0,0.0,0.0,0.0,0.0,0.0,0.0,0.0,0.0,0.0,0.0,0.0,0.0,0.0,0.0,0.0,Alaves,0.0,0.0,0.0,0.0,0.0,0.0,0.0,0.0,0.0,0.0,0.0,0.0,0.0,0.0,0.0,0.0,0.0,0.0,0.0,0.0,0.0,0.0,0.0,0.0,0.0,0.0,0.0,0.0,0.0,0.0,0.0,0.0,0.0,0.0,0.0,0.0,0.0,0.0,0.0,0.0,0.0,0.0,0.0,0.0,0.0,0.0,0.0,0.0,0.0,0.0,0.0,0.0,0.0,0.0,0.0,0.0,0.0,0.0,0.0,0.0,0.0,0.0,0.0,0.0,0.0
SP1,08/09/17,Leganes,Getafe,A,Leganes,3.0,1.0,0.0,0.0,1.0,0.0,0.0,0.0,0.0,0.0,1.0,0.0,1.0,0.0,0.0,0.0,6.0,16.0,6.0,16.0,0.0,6.0,0.0,9.0,3.0,9.0,0.0,3.0,0.0,0.0,0.0,0.0,0.0,0.0,0.0,4.0,2.0,4.0,0.0,2.0,0.0,14.0,18.0,14.0,0.0,18.0,0.0,0.0,0.0,0.0,0.0,0.0,0.0,0.0,1.0,0.0,0.0,1.0,0.0,0.0,0.0,0.0,0.0,0.0,0.0,Getafe,1.0,0.0,1.0,0.0,0.0,0.0,0.0,0.0,1.0,0.0,0.0,0.0,0.0,0.0,0.0,0.0,10.0,8.0,12.0,0.0,8.0,0.0,12.0,0.0,2.0,0.0,2.0,0.0,2.0,0.0,0.0,0.0,0.0,0.0,0.0,6.0,7.0,0.0,6.0,0.0,7.0,15.0,16.0,0.0,15.0,0.0,16.0,0.0,0.0,0.0,0.0,0.0,0.0,4.0,1.0,0.0,3.0,0.0,1.0,0.0,0.0,0.0,1.0,0.0,0.0
SP1,20/09/17,Leganes,Girona,D,Leganes,6.0,2.0,0.0,0.0,1.0,0.0,0.0,1.0,0.0,0.0,2.0,0.0,1.0,1.0,0.0,0.0,2.0,28.0,23.0,16.0,12.0,6.0,17.0,9.0,5.0,9.0,8.0,3.0,2.0,0.0,0.0,0.0,0.0,0.0,0.0,5.0,11.0,4.0,1.0,2.0,9.0,28.0,28.0,14.0,14.0,18.0,10.0,0.0,0.0,0.0,0.0,0.0,0.0,3.0,4.0,0.0,3.0,1.0,3.0,0.0,0.0,0.0,0.0,0.0,0.0,Girona,4.0,1.0,1.0,0.0,1.0,1.0,0.0,0.0,0.0,0.0,3.0,2.0,3.0,0.0,2.0,0.0,8.0,28.0,16.0,28.0,0.0,16.0,0.0,10.0,5.0,10.0,0.0,5.0,0.0,0.0,0.0,0.0,0.0,0.0,0.0,8.0,3.0,8.0,0.0,3.0,0.0,26.0,30.0,26.0,0.0,30.0,0.0,0.0,0.0,0.0,0.0,0.0,0.0,5.0,9.0,5.0,0.0,8.0,0.0,0.0,0.0,0.0,0.0,1.0,0.0
SP1,30/09/17,Leganes,Ath Madrid,D,Leganes,6.0,2.0,0.0,1.0,1.0,0.0,1.0,1.0,0.0,0.0,3.0,2.0,2.0,1.0,2.0,0.0,5.0,39.0,34.0,27.0,12.0,17.0,17.0,16.0,8.0,16.0,8.0,6.0,2.0,0.0,0.0,0.0,0.0,0.0,0.0,7.0,15.0,6.0,1.0,6.0,9.0,42.0,48.0,28.0,14.0,38.0,10.0,0.0,0.0,0.0,0.0,0.0,0.0,4.0,6.0,1.0,3.0,3.0,3.0,0.0,0.0,0.0,0.0,0.0,0.0,Ath Madrid,5.0,1.0,2.0,0.0,0.0,0.0,0.0,1.0,2.0,0.0,7.0,3.0,0.0,7.0,0.0,3.0,7.0,30.0,34.0,0.0,30.0,0.0,34.0,0.0,10.0,0.0,13.0,0.0,10.0,0.0,0.0,0.0,0.0,0.0,0.0,5.0,14.0,0.0,5.0,0.0,14.0,38.0,41.0,0.0,38.0,0.0,41.0,0.0,0.0,0.0,0.0,0.0,0.0,6.0,7.0,0.0,5.0,0.0,7.0,0.0,0.0,0.0,1.0,0.0,0.0
SP1,22/10/17,Leganes,Ath Bilbao,D,Leganes,6.0,2.0,0.0,2.0,1.0,0.0,1.0,1.0,0.0,1.0,3.0,3.0,2.0,1.0,2.0,1.0,8.0,44.0,44.0,27.0,17.0,17.0,27.0,16.0,12.0,16.0,10.0,6.0,6.0,0.0,0.0,0.0,0.0,0.0,0.0,8.0,23.0,6.0,2.0,6.0,17.0,62.0,63.0,28.0,34.0,38.0,25.0,0.0,0.0,0.0,0.0,0.0,0.0,9.0,8.0,1.0,8.0,3.0,5.0,0.0,0.0,0.0,0.0,0.0,0.0,Ath Bilbao,7.0,2.0,1.0,1.0,1.0,1.0,0.0,1.0,0.0,1.0,3.0,1.0,2.0,1.0,0.0,1.0,6.0,40.0,45.0,19.0,21.0,19.0,26.0,6.0,17.0,6.0,9.0,9.0,8.0,0.0,0.0,0.0,0.0,0.0,0.0,22.0,21.0,13.0,9.0,10.0,11.0,65.0,59.0,35.0,30.0,33.0,26.0,0.0,0.0,0.0,0.0,0.0,0.0,9.0,14.0,5.0,4.0,9.0,3.0,0.0,0.0,0.0,0.0,1.0,1.0
SP1,18/11/17,Leganes,Barcelona,A,Leganes,7.0,2.0,1.0,2.0,1.0,1.0,1.0,1.0,0.0,1.0,3.0,3.0,2.0,1.0,2.0,1.0,10.0,56.0,54.0,39.0,17.0,27.0,27.0,17.0,12.0,17.0,10.0,6.0,6.0,0.0,0.0,0.0,0.0,0.0,0.0,14.0,26.0,12.0,2.0,9.0,17.0,81.0,83.0,47.0,34.0,58.0,25.0,0.0,0.0,0.0,0.0,0.0,0.0,11.0,11.0,3.0,8.0,6.0,5.0,0.0,0.0,0.0,0.0,0.0,0.0,Barcelona,15.0,5.0,0.0,0.0,3.0,0.0,0.0,2.0,0.0,0.0,17.0,2.0,13.0,4.0,1.0,1.0,1.0,76.0,49.0,46.0,30.0,25.0,24.0,21.0,11.0,21.0,16.0,5.0,6.0,0.0,0.0,0.0,0.0,0.0,0.0,41.0,18.0,23.0,18.0,14.0,4.0,55.0,69.0,31.0,24.0,42.0,27.0,0.0,0.0,0.0,0.0,0.0,0.0,10.0,12.0,3.0,7.0,8.0,4.0,0.0,0.0,0.0,0.0,0.0,0.0
SP1,03/12/17,Leganes,Villarreal,D,Leganes,10.0,3.0,1.0,2.0,1.0,1.0,1.0,2.0,0.0,1.0,5.0,3.0,2.0,3.0,2.0,1.0,7.0,65.0,62.0,39.0,26.0,27.0,35.0,17.0,15.0,17.0,13.0,6.0,9.0,0.0,0.0,0.0,0.0,0.0,0.0,16.0,29.0,12.0,4.0,9.0,20.0,96.0,93.0,47.0,49.0,58.0,35.0,0.0,0.0,0.0,0.0,0.0,0.0,14.0,12.0,3.0,11.0,6.0,6.0,0.0,0.0,0.0,0.0,0.0,0.0,Villarreal,7.0,2.0,1.0,3.0,1.0,1.0,0.0,1.0,0.0,3.0,6.0,9.0,3.0,3.0,1.0,8.0,13.0,65.0,80.0,28.0,37.0,18.0,62.0,12.0,28.0,12.0,9.0,6.0,22.0,0.0,0.0,0.0,0.0,0.0,0.0,26.0,38.0,9.0,17.0,8.0,30.0,103.0,72.0,26.0,77.0,19.0,53.0,0.0,0.0,0.0,0.0,0.0,0.0,19.0,8.0,8.0,11.0,2.0,6.0,0.0,0.0,0.0,0.0,0.0,0.0
SP1,21/08/17,Levante,Villarreal,D,Levante,0.0,0.0,0.0,0.0,0.0,0.0,0.0,0.0,0.0,0.0,0.0,0.0,0.0,0.0,0.0,0.0,0.0,0.0,0.0,0.0,0.0,0.0,0.0,0.0,0.0,0.0,0.0,0.0,0.0,0.0,0.0,0.0,0.0,0.0,0.0,0.0,0.0,0.0,0.0,0.0,0.0,0.0,0.0,0.0,0.0,0.0,0.0,0.0,0.0,0.0,0.0,0.0,0.0,0.0,0.0,0.0,0.0,0.0,0.0,0.0,0.0,0.0,0.0,0.0,0.0,Villarreal,0.0,0.0,0.0,0.0,0.0,0.0,0.0,0.0,0.0,0.0,0.0,0.0,0.0,0.0,0.0,0.0,0.0,0.0,0.0,0.0,0.0,0.0,0.0,0.0,0.0,0.0,0.0,0.0,0.0,0.0,0.0,0.0,0.0,0.0,0.0,0.0,0.0,0.0,0.0,0.0,0.0,0.0,0.0,0.0,0.0,0.0,0.0,0.0,0.0,0.0,0.0,0.0,0.0,0.0,0.0,0.0,0.0,0.0,0.0,0.0,0.0,0.0,0.0,0.0,0.0
SP1,26/08/17,Levante,La Coruna,A,Levante,3.0,1.0,0.0,0.0,1.0,0.0,0.0,0.0,0.0,0.0,1.0,0.0,1.0,0.0,0.0,0.0,7.0,14.0,9.0,14.0,0.0,9.0,0.0,3.0,1.0,3.0,0.0,1.0,0.0,0.0,0.0,0.0,0.0,0.0,0.0,11.0,6.0,11.0,0.0,6.0,0.0,18.0,14.0,18.0,0.0,14.0,0.0,0.0,0.0,0.0,0.0,0.0,0.0,1.0,3.0,1.0,0.0,3.0,0.0,0.0,0.0,0.0,0.0,0.0,0.0,La Coruna,0.0,0.0,0.0,1.0,0.0,0.0,1.0,0.0,0.0,0.0,0.0,3.0,0.0,0.0,3.0,0.0,15.0,12.0,16.0,12.0,0.0,16.0,0.0,6.0,8.0,6.0,0.0,8.0,0.0,0.0,0.0,0.0,0.0,0.0,0.0,4.0,4.0,4.0,0.0,4.0,0.0,16.0,12.0,16.0,0.0,12.0,0.0,0.0,0.0,0.0,0.0,0.0,0.0,5.0,2.0,5.0,0.0,1.0,0.0,0.0,0.0,0.0,0.0,1.0,0.0
SP1,16/09/17,Levante,Valencia,D,Levante,4.0,1.0,1.0,0.0,1.0,1.0,0.0,0.0,0.0,0.0,3.0,2.0,3.0,0.0,2.0,0.0,9.0,38.0,20.0,38.0,0.0,20.0,0.0,8.0,5.0,8.0,0.0,5.0,0.0,0.0,0.0,0.0,0.0,0.0,0.0,17.0,11.0,17.0,0.0,11.0,0.0,29.0,26.0,29.0,0.0,26.0,0.0,0.0,0.0,0.0,0.0,0.0,0.0,2.0,5.0,1.0,0.0,5.0,0.0,0.0,0.0,1.0,0.0,0.0,0.0,Valencia,4.0,1.0,1.0,0.0,1.0,0.0,0.0,0.0,1.0,0.0,3.0,2.0,1.0,2.0,0.0,2.0,10.0,29.0,27.0,22.0,7.0,5.0,22.0,6.0,10.0,6.0,3.0,4.0,6.0,0.0,0.0,0.0,0.0,0.0,0.0,9.0,15.0,5.0,4.0,2.0,13.0,37.0,25.0,25.0,12.0,13.0,12.0,0.0,0.0,0.0,0.0,0.0,0.0,8.0,7.0,3.0,5.0,3.0,3.0,0.0,0.0,0.0,0.0,1.0,0.0
SP1,21/09/17,Levante,Sociedad,H,Levante,5.0,1.0,2.0,0.0,1.0,1.0,0.0,0.0,1.0,0.0,4.0,3.0,3.0,1.0,2.0,1.0,8.0,43.0,38.0,38.0,5.0,20.0,18.0,8.0,15.0,8.0,2.0,5.0,10.0,0.0,0.0,0.0,0.0,0.0,0.0,20.0,24.0,17.0,3.0,11.0,13.0,45.0,35.0,29.0,16.0,26.0,9.0,0.0,0.0,0.0,0.0,0.0,0.0,5.0,8.0,1.0,3.0,5.0,2.0,0.0,0.0,1.0,0.0,0.0,1.0,Sociedad,9.0,3.0,0.0,0.0,1.0,0.0,0.0,2.0,0.0,0.0,10.0,4.0,3.0,7.0,0.0,4.0,1.0,43.0,33.0,15.0,28.0,6.0,27.0,9.0,10.0,9.0,10.0,1.0,9.0,0.0,0.0,0.0,0.0,0.0,0.0,21.0,14.0,10.0,11.0,4.0,10.0,37.0,52.0,12.0,25.0,22.0,30.0,0.0,0.0,0.0,0.0,0.0,0.0,6.0,6.0,2.0,4.0,2.0,4.0,0.0,0.0,0.0,0.0,0.0,0.0
SP1,30/09/17,Levante,Alaves,A,Levante,6.0,1.0,3.0,0.0,1.0,2.0,0.0,0.0,1.0,0.0,5.0,4.0,4.0,1.0,3.0,1.0,9.0,52.0,51.0,47.0,5.0,33.0,18.0,10.0,20.0,10.0,2.0,10.0,10.0,0.0,0.0,0.0,0.0,0.0,0.0,21.0,27.0,18.0,3.0,14.0,13.0,66.0,46.0,50.0,16.0,37.0,9.0,0.0,0.0,0.0,0.0,0.0,0.0,7.0,9.0,3.0,3.0,6.0,2.0,0.0,0.0,1.0,0.0,0.0,1.0,Alaves,0.0,0.0,0.0,4.0,0.0,0.0,2.0,0.0,0.0,2.0,0.0,7.0,0.0,0.0,5.0,2.0,19.0,38.0,75.0,27.0,11.0,39.0,36.0,4.0,29.0,4.0,6.0,17.0,12.0,0.0,0.0,0.0,0.0,0.0,0.0,9.0,30.0,3.0,6.0,17.0,13.0,59.0,66.0,24.0,35.0,35.0,31.0,0.0,0.0,0.0,0.0,0.0,0.0,9.0,9.0,4.0,5.0,5.0,4.0,0.0,0.0,0.0,0.0,0.0,0.0
SP1,21/10/17,Levante,Getafe,D,Levante,9.0,2.0,3.0,0.0,2.0,2.0,0.0,0.0,1.0,0.0,8.0,4.0,7.0,1.0,3.0,1.0,4.0,65.0,64.0,60.0,5.0,46.0,18.0,19.0,23.0,19.0,2.0,13.0,10.0,0.0,0.0,0.0,0.0,0.0,0.0,24.0,33.0,21.0,3.0,20.0,13.0,79.0,57.0,63.0,16.0,48.0,9.0,0.0,0.0,0.0,0.0,0.0,0.0,9.0,10.0,5.0,3.0,6.0,2.0,0.0,0.0,1.0,0.0,1.0,1.0,Getafe,5.0,1.0,2.0,2.0,0.0,0.0,2.0,1.0,2.0,0.0,4.0,5.0,1.0,3.0,3.0,2.0,16.0,57.0,44.0,28.0,29.0,13.0,31.0,7.0,21.0,7.0,8.0,8.0,13.0,0.0,0.0,0.0,0.0,0.0,0.0,22.0,21.0,10.0,12.0,9.0,12.0,91.0,63.0,35.0,56.0,24.0,39.0,0.0,0.0,0.0,0.0,0.0,0.0,12.0,9.0,2.0,9.0,5.0,4.0,0.0,0.0,0.0,1.0,0.0,0.0
SP1,05/11/17,Levante,Girona,D,Levante,9.0,2.0,3.0,1.0,2.0,2.0,0.0,0.0,1.0,1.0,8.0,8.0,7.0,1.0,3.0,5.0,8.0,73.0,78.0,60.0,13.0,46.0,32.0,19.0,29.0,19.0,3.0,13.0,16.0,0.0,0.0,0.0,0.0,0.0,0.0,27.0,39.0,21.0,6.0,20.0,19.0,84.0,66.0,63.0,21.0,48.0,18.0,0.0,0.0,0.0,0.0,0.0,0.0,9.0,11.0,5.0,3.0,6.0,3.0,0.0,0.0,1.0,0.0,1.0,1.0,Girona,5.0,1.0,2.0,3.0,1.0,1.0,2.0,0.0,1.0,1.0,3.0,8.0,3.0,0.0,6.0,2.0,17.0,75.0,57.0,54.0,21.0,38.0,19.0,12.0,23.0,12.0,7.0,18.0,5.0,0.0,0.0,0.0,0.0,0.0,0.0,32.0,19.0,25.0,7.0,7.0,12.0,99.0,92.0,61.0,38.0,54.0,38.0,0.0,0.0,0.0,0.0,0.0,0.0,19.0,20.0,10.0,9.0,13.0,6.0,0.0,0.0,0.0,0.0,1.0,0.0
SP1,25/11/17,Levante,Ath Madrid,A,Levante,9.0,2.0,3.0,2.0,2.0,2.0,1.0,0.0,1.0,1.0,8.0,10.0,7.0,1.0,5.0,5.0,10.0,86.0,86.0,73.0,13.0,54.0,32.0,19.0,32.0,19.0,3.0,16.0,16.0,0.0,0.0,0.0,0.0,0.0,0.0,35.0,43.0,29.0,6.0,24.0,19.0,95.0,84.0,74.0,21.0,66.0,18.0,0.0,0.0,0.0,0.0,0.0,0.0,11.0,15.0,7.0,3.0,10.0,3.0,0.0,0.0,1.0,0.0,1.0,1.0,Ath Madrid,15.0,4.0,3.0,0.0,2.0,0.0,0.0,2.0,3.0,0.0,12.0,4.0,3.0,9.0,0.0,4.0,4.0,87.0,73.0,30.0,57.0,20.0,53.0,8.0,24.0,8.0,24.0,4.0,20.0,0.0,0.0,0.0,0.0,0.0,0.0,26.0,32.0,15.0,11.0,10.0,22.0,83.0,98.0,20.0,63.0,32.0,66.0,0.0,0.0,0.0,0.0,0.0,0.0,15.0,14.0,6.0,8.0,5.0,9.0,0.0,0.0,0.0,1.0,0.0,0.0
SP1,21/08/17,Malaga,Eibar,D,Malaga,0.0,0.0,0.0,0.0,0.0,0.0,0.0,0.0,0.0,0.0,0.0,0.0,0.0,0.0,0.0,0.0,0.0,0.0,0.0,0.0,0.0,0.0,0.0,0.0,0.0,0.0,0.0,0.0,0.0,0.0,0.0,0.0,0.0,0.0,0.0,0.0,0.0,0.0,0.0,0.0,0.0,0.0,0.0,0.0,0.0,0.0,0.0,0.0,0.0,0.0,0.0,0.0,0.0,0.0,0.0,0.0,0.0,0.0,0.0,0.0,0.0,0.0,0.0,0.0,0.0,Eibar,0.0,0.0,0.0,0.0,0.0,0.0,0.0,0.0,0.0,0.0,0.0,0.0,0.0,0.0,0.0,0.0,0.0,0.0,0.0,0.0,0.0,0.0,0.0,0.0,0.0,0.0,0.0,0.0,0.0,0.0,0.0,0.0,0.0,0.0,0.0,0.0,0.0,0.0,0.0,0.0,0.0,0.0,0.0,0.0,0.0,0.0,0.0,0.0,0.0,0.0,0.0,0.0,0.0,0.0,0.0,0.0,0.0,0.0,0.0,0.0,0.0,0.0,0.0,0.0,0.0
SP1,11/09/17,Malaga,Las Palmas,A,Malaga,0.0,0.0,0.0,1.0,0.0,0.0,1.0,0.0,0.0,0.0,0.0,1.0,0.0,0.0,1.0,0.0,16.0,10.0,13.0,10.0,0.0,13.0,0.0,4.0,6.0,4.0,0.0,6.0,0.0,0.0,0.0,0.0,0.0,0.0,0.0,3.0,7.0,3.0,0.0,7.0,0.0,16.0,15.0,16.0,0.0,15.0,0.0,0.0,0.0,0.0,0.0,0.0,0.0,2.0,3.0,2.0,0.0,3.0,0.0,0.0,0.0,0.0,0.0,0.0,0.0,Las Palmas,0.0,0.0,0.0,1.0,0.0,0.0,0.0,0.0,0.0,1.0,0.0,1.0,0.0,0.0,0.0,1.0,17.0,5.0,22.0,0.0,5.0,0.0,22.0,0.0,6.0,0.0,4.0,0.0,6.0,0.0,0.0,0.0,0.0,0.0,0.0,2.0,5.0,0.0,2.0,0.0,5.0,13.0,25.0,0.0,13.0,0.0,25.0,0.0,0.0,0.0,0.0,0.0,0.0,4.0,3.0,0.0,3.0,0.0,3.0,0.0,0.0,0.0,1.0,0.0,0.0
SP1,23/09/17,Malaga,Ath Bilbao,D,Malaga,0.0,0.0,0.0,2.0,0.0,0.0,1.0,0.0,0.0,1.0,0.0,2.0,0.0,0.0,1.0,1.0,17.0,17.0,28.0,10.0,7.0,13.0,15.0,4.0,10.0,4.0,2.0,6.0,4.0,0.0,0.0,0.0,0.0,0.0,0.0,6.0,9.0,3.0,3.0,7.0,2.0,31.0,26.0,16.0,15.0,15.0,11.0,0.0,0.0,0.0,0.0,0.0,0.0,6.0,6.0,2.0,4.0,3.0,3.0,0.0,0.0,0.0,0.0,0.0,0.0,Ath Bilbao,4.0,1.0,1.0,0.0,0.0,1.0,0.0,1.0,0.0,0.0,1.0,0.0,0.0,1.0,0.0,0.0,7.0,22.0,22.0,12.0,10.0,8.0,14.0,2.0,7.0,2.0,4.0,2.0,5.0,0.0,0.0,0.0,0.0,0.0,0.0,10.0,10.0,7.0,3.0,6.0,4.0,27.0,29.0,16.0,11.0,15.0,14.0,0.0,0.0,0.0,0.0,0.0,0.0,2.0,6.0,1.0,1.0,3.0,1.0,0.0,0.0,0.0,0.0,1.0,1.0
SP1,15/10/17,Malaga,Leganes,D,Malaga,0.0,0.0,0.0,3.0,0.0,0.0,2.0,0.0,0.0,1.0,1.0,5.0,1.0,0.0,4.0,1.0,20.0,31.0,38.0,24.0,7.0,23.0,15.0,10.0,18.0,10.0,2.0,14.0,4.0,0.0,0.0,0.0,0.0,0.0,0.0,9.0,11.0,6.0,3.0,9.0,2.0,53.0,37.0,38.0,15.0,26.0,11.0,0.0,0.0,0.0,0.0,0.0,0.0,10.0,8.0,6.0,4.0,5.0,3.0,0.0,0.0,0.0,0.0,0.0,0.0,Leganes,6.0,2.0,0.0,1.0,1.0,0.0,1.0,1.0,0.0,0.0,3.0,2.0,2.0,1.0,2.0,0.0,5.0,39.0,34.0,27.0,12.0,17.0,17.0,16.0,8.0,16.0,8.0,6.0,2.0,0.0,0.0,0.0,0.0,0.0,0.0,7.0,15.0,6.0,1.0,6.0,9.0,42.0,48.0,28.0,14.0,38.0,10.0,0.0,0.0,0.0,0.0,0.0,0.0,4.0,6.0,1.0,3.0,3.0,3.0,0.0,0.0,0.0,0.0,0.0,0.0
SP1,29/10/17,Malaga,Celta,H,Malaga,0.0,0.0,0.0,4.0,0.0,0.0,2.0,0.0,0.0,2.0,1.0,6.0,1.0,0.0,4.0,2.0,20.0,40.0,55.0,24.0,16.0,23.0,32.0,10.0,22.0,10.0,6.0,14.0,8.0,0.0,0.0,0.0,0.0,0.0,0.0,13.0,19.0,6.0,7.0,9.0,10.0,68.0,46.0,38.0,30.0,26.0,20.0,0.0,0.0,0.0,0.0,0.0,0.0,12.0,10.0,6.0,6.0,5.0,5.0,0.0,0.0,0.0,0.0,0.0,0.0,Celta,3.0,1.0,0.0,3.0,1.0,0.0,1.0,0.0,0.0,2.0,5.0,7.0,3.0,2.0,3.0,4.0,17.0,56.0,37.0,36.0,20.0,18.0,19.0,8.0,15.0,8.0,3.0,9.0,6.0,0.0,0.0,0.0,0.0,0.0,0.0,25.0,15.0,14.0,11.0,8.0,7.0,52.0,53.0,29.0,23.0,28.0,25.0,0.0,0.0,0.0,0.0,0.0,0.0,13.0,8.0,7.0,6.0,5.0,3.0,0.0,0.0,0.0,0.0,0.0,0.0
SP1,19/11/17,Malaga,La Coruna,D,Malaga,0.0,0.0,0.0,5.0,0.0,0.0,2.0,0.0,0.0,3.0,1.0,11.0,1.0,0.0,4.0,7.0,20.0,51.0,71.0,24.0,27.0,23.0,48.0,10.0,33.0,10.0,8.0,14.0,19.0,0.0,0.0,0.0,0.0,0.0,0.0,22.0,23.0,6.0,16.0,9.0,14.0,78.0,55.0,38.0,40.0,26.0,29.0,0.0,0.0,0.0,0.0,0.0,0.0,13.0,10.0,6.0,7.0,5.0,5.0,0.0,0.0,0.0,0.0,0.0,0.0,La Coruna,4.0,1.0,1.0,3.0,1.0,0.0,2.0,0.0,1.0,1.0,6.0,11.0,3.0,3.0,7.0,4.0,18.0,60.0,80.0,38.0,22.0,39.0,41.0,13.0,27.0,13.0,7.0,15.0,12.0,0.0,0.0,0.0,0.0,0.0,0.0,23.0,25.0,14.0,9.0,13.0,12.0,81.0,69.0,50.0,31.0,45.0,24.0,0.0,0.0,0.0,0.0,0.0,0.0,11.0,10.0,6.0,5.0,6.0,2.0,0.0,0.0,0.0,0.0,1.0,1.0
SP1,01/12/17,Malaga,Levante,D,Malaga,1.0,0.0,1.0,5.0,0.0,1.0,2.0,0.0,0.0,3.0,4.0,14.0,4.0,0.0,7.0,7.0,19.0,66.0,79.0,39.0,27.0,31.0,48.0,17.0,40.0,17.0,8.0,21.0,19.0,0.0,0.0,0.0,0.0,0.0,0.0,27.0,24.0,11.0,16.0,10.0,14.0,94.0,63.0,54.0,40.0,34.0,29.0,0.0,0.0,0.0,0.0,0.0,0.0,21.0,12.0,13.0,7.0,7.0,5.0,0.0,0.0,1.0,0.0,0.0,0.0,Levante,9.0,2.0,3.0,1.0,2.0,2.0,0.0,0.0,1.0,1.0,8.0,8.0,7.0,1.0,3.0,5.0,8.0,73.0,78.0,60.0,13.0,46.0,32.0,19.0,29.0,19.0,3.0,13.0,16.0,0.0,0.0,0.0,0.0,0.0,0.0,27.0,39.0,21.0,6.0,20.0,19.0,84.0,66.0,63.0,21.0,48.0,18.0,0.0,0.0,0.0,0.0,0.0,0.0,9.0,11.0,5.0,3.0,6.0,3.0,0.0,0.0,1.0,0.0,1.0,1.0
SP1,27/08/17,Real Madrid,Valencia,D,Real Madrid,0.0,0.0,0.0,0.0,0.0,0.0,0.0,0.0,0.0,0.0,0.0,0.0,0.0,0.0,0.0,0.0,0.0,0.0,0.0,0.0,0.0,0.0,0.0,0.0,0.0,0.0,0.0,0.0,0.0,0.0,0.0,0.0,0.0,0.0,0.0,0.0,0.0,0.0,0.0,0.0,0.0,0.0,0.0,0.0,0.0,0.0,0.0,0.0,0.0,0.0,0.0,0.0,0.0,0.0,0.0,0.0,0.0,0.0,0.0,0.0,0.0,0.0,0.0,0.0,0.0,Valencia,0.0,0.0,0.0,0.0,0.0,0.0,0.0,0.0,0.0,0.0,0.0,0.0,0.0,0.0,0.0,0.0,0.0,0.0,0.0,0.0,0.0,0.0,0.0,0.0,0.0,0.0,0.0,0.0,0.0,0.0,0.0,0.0,0.0,0.0,0.0,0.0,0.0,0.0,0.0,0.0,0.0,0.0,0.0,0.0,0.0,0.0,0.0,0.0,0.0,0.0,0.0,0.0,0.0,0.0,0.0,0.0,0.0,0.0,0.0,0.0,0.0,0.0,0.0,0.0,0.0
SP1,09/09/17,Real Madrid,Levante,D,Real Madrid,3.0,1.0,0.0,0.0,0.0,0.0,0.0,1.0,0.0,0.0,3.0,0.0,0.0,3.0,0.0,0.0,1.0,16.0,12.0,0.0,16.0,0.0,12.0,0.0,6.0,0.0,8.0,0.0,6.0,0.0,0.0,0.0,0.0,0.0,0.0,4.0,4.0,0.0,4.0,0.0,4.0,12.0,16.0,0.0,12.0,0.0,16.0,0.0,0.0,0.0,0.0,0.0,0.0,2.0,5.0,0.0,1.0,0.0,5.0,0.0,0.0,0.0,1.0,0.0,0.0,Levante,3.0,1.0,0.0,0.0,1.0,0.0,0.0,0.0,0.0,0.0,1.0,0.0,1.0,0.0,0.0,0.0,7.0,14.0,9.0,14.0,0.0,9.0,0.0,3.0,1.0,3.0,0.0,1.0,0.0,0.0,0.0,0.0,0.0,0.0,0.0,11.0,6.0,11.0,0.0,6.0,0.0,18.0,14.0,18.0,0.0,14.0,0.0,0.0,0.0,0.0,0.0,0.0,0.0,1.0,3.0,1.0,0.0,3.0,0.0,0.0,0.0,0.0,0.0,0.0,0.0
SP1,20/09/17,Real Madrid,Betis,D,Real Madrid,4.0,1.0,1.0,0.0,0.0,1.0,0.0,1.0,0.0,0.0,5.0,2.0,2.0,3.0,2.0,0.0,4.0,38.0,19.0,22.0,16.0,7.0,12.0,6.0,9.0,6.0,8.0,3.0,6.0,0.0,0.0,0.0,0.0,0.0,0.0,17.0,8.0,13.0,4.0,4.0,4.0,24.0,28.0,12.0,12.0,12.0,16.0,0.0,0.0,0.0,0.0,0.0,0.0,5.0,10.0,3.0,1.0,5.0,5.0,0.0,0.0,0.0,1.0,0.0,0.0,Betis,3.0,1.0,0.0,1.0,1.0,0.0,0.0,0.0,0.0,1.0,2.0,3.0,2.0,0.0,1.0,2.0,12.0,13.0,24.0,10.0,3.0,9.0,15.0,3.0,4.0,3.0,0.0,2.0,2.0,0.0,0.0,0.0,0.0,0.0,0.0,4.0,14.0,4.0,0.0,6.0,8.0,28.0,25.0,13.0,15.0,9.0,16.0,0.0,0.0,0.0,0.0,0.0,0.0,3.0,4.0,2.0,1.0,2.0,2.0,0.0,0.0,0.0,0.0,0.0,0.0
SP1,01/10/17,Real Madrid,Espanol,H,Real Madrid,5.0,1.0,2.0,0.0,0.0,2.0,0.0,1.0,0.0,0.0,6.0,3.0,3.0,3.0,3.0,0.0,6.0,56.0,24.0,40.0,16.0,12.0,12.0,16.0,11.0,16.0,8.0,5.0,6.0,0.0,0.0,0.0,0.0,0.0,0.0,30.0,11.0,26.0,4.0,7.0,4.0,33.0,44.0,21.0,12.0,28.0,16.0,0.0,0.0,0.0,0.0,0.0,0.0,8.0,13.0,5.0,1.0,8.0,5.0,0.0,0.0,1.0,1.0,0.0,0.0,Espanol,1.0,0.0,1.0,2.0,0.0,0.0,1.0,0.0,1.0,1.0,1.0,7.0,0.0,1.0,1.0,6.0,18.0,35.0,41.0,17.0,18.0,12.0,29.0,2.0,21.0,2.0,7.0,8.0,13.0,0.0,0.0,0.0,0.0,0.0,0.0,19.0,16.0,9.0,10.0,1.0,15.0,40.0,39.0,10.0,30.0,14.0,25.0,0.0,0.0,0.0,0.0,0.0,0.0,12.0,7.0,3.0,9.0,3.0,3.0,0.0,0.0,0.0,0.0,0.0,1.0
SP1,22/10/17,Real Madrid,Eibar,H,Real Madrid,8.0,2.0,2.0,0.0,0.0,2.0,0.0,2.0,0.0,0.0,9.0,4.0,3.0,6.0,3.0,1.0,4.0,74.0,34.0,40.0,34.0,12.0,22.0,16.0,16.0,16.0,14.0,5.0,11.0,0.0,0.0,0.0,0.0,0.0,0.0,36.0,15.0,26.0,10.0,7.0,8.0,48.0,56.0,21.0,27.0,28.0,28.0,0.0,0.0,0.0,0.0,0.0,0.0,10.0,16.0,5.0,3.0,8.0,8.0,0.0,0.0,1.0,1.0,0.0,0.0,Eibar,6.0,2.0,0.0,2.0,1.0,0.0,1.0,1.0,0.0,1.0,2.0,4.0,1.0,1.0,1.0,3.0,13.0,44.0,37.0,24.0,20.0,15.0,22.0,9.0,16.0,9.0,8.0,6.0,10.0,0.0,0.0,0.0,0.0,0.0,0.0,24.0,13.0,12.0,12.0,4.0,9.0,62.0,61.0,29.0,33.0,31.0,30.0,0.0,0.0,0.0,0.0,0.0,0.0,8.0,9.0,3.0,4.0,6.0,3.0,0.0,0.0,1.0,0.0,0.0,0.0
SP1,05/11/17,Real Madrid,Las Palmas,H,Real Madrid,8.0,2.0,2.0,1.0,0.0,2.0,1.0,2.0,0.0,0.0,9.0,5.0,3.0,6.0,4.0,1.0,8.0,101.0,46.0,67.0,34.0,24.0,22.0,23.0,20.0,23.0,14.0,9.0,11.0,0.0,0.0,0.0,0.0,0.0,0.0,48.0,18.0,38.0,10.0,10.0,8.0,61.0,67.0,34.0,27.0,39.0,28.0,0.0,0.0,0.0,0.0,0.0,0.0,10.0,19.0,5.0,3.0,11.0,8.0,0.0,0.0,1.0,1.0,0.0,0.0,Las Palmas,6.0,2.0,0.0,3.0,1.0,0.0,1.0,1.0,0.0,2.0,5.0,8.0,2.0,3.0,5.0,3.0,12.0,43.0,69.0,22.0,21.0,19.0,50.0,7.0,32.0,7.0,12.0,11.0,21.0,0.0,0.0,0.0,0.0,0.0,0.0,15.0,28.0,11.0,4.0,8.0,20.0,54.0,96.0,22.0,32.0,28.0,68.0,0.0,0.0,0.0,0.0,0.0,0.0,14.0,13.0,6.0,7.0,4.0,9.0,0.0,0.0,0.0,1.0,0.0,0.0
SP1,25/11/17,Real Madrid,Malaga,H,Real Madrid,11.0,3.0,2.0,1.0,0.0,2.0,1.0,3.0,0.0,0.0,11.0,6.0,3.0,8.0,4.0,2.0,6.0,122.0,54.0,67.0,55.0,24.0,30.0,23.0,23.0,23.0,21.0,9.0,14.0,0.0,0.0,0.0,0.0,0.0,0.0,61.0,23.0,38.0,23.0,10.0,13.0,80.0,86.0,34.0,46.0,39.0,47.0,0.0,0.0,0.0,0.0,0.0,0.0,12.0,24.0,5.0,5.0,11.0,13.0,0.0,0.0,1.0,1.0,0.0,0.0,Malaga,1.0,0.0,1.0,5.0,0.0,1.0,2.0,0.0,0.0,3.0,4.0,14.0,4.0,0.0,7.0,7.0,19.0,66.0,79.0,39.0,27.0,31.0,48.0,17.0,40.0,17.0,8.0,21.0,19.0,0.0,0.0,0.0,0.0,0.0,0.0,27.0,24.0,11.0,16.0,10.0,14.0,94.0,63.0,54.0,40.0,34.0,29.0,0.0,0.0,0.0,0.0,0.0,0.0,21.0,12.0,13.0,7.0,7.0,5.0,0.0,0.0,1.0,0.0,0.0,0.0
SP1,19/08/17,Sevilla,Espanol,D,Sevilla,0.0,0.0,0.0,0.0,0.0,0.0,0.0,0.0,0.0,0.0,0.0,0.0,0.0,0.0,0.0,0.0,0.0,0.0,0.0,0.0,0.0,0.0,0.0,0.0,0.0,0.0,0.0,0.0,0.0,0.0,0.0,0.0,0.0,0.0,0.0,0.0,0.0,0.0,0.0,0.0,0.0,0.0,0.0,0.0,0.0,0.0,0.0,0.0,0.0,0.0,0.0,0.0,0.0,0.0,0.0,0.0,0.0,0.0,0.0,0.0,0.0,0.0,0.0,0.0,0.0,Espanol,0.0,0.0,0.0,0.0,0.0,0.0,0.0,0.0,0.0,0.0,0.0,0.0,0.0,0.0,0.0,0.0,0.0,0.0,0.0,0.0,0.0,0.0,0.0,0.0,0.0,0.0,0.0,0.0,0.0,0.0,0.0,0.0,0.0,0.0,0.0,0.0,0.0,0.0,0.0,0.0,0.0,0.0,0.0,0.0,0.0,0.0,0.0,0.0,0.0,0.0,0.0,0.0,0.0,0.0,0.0,0.0,0.0,0.0,0.0,0.0,0.0,0.0,0.0,0.0,0.0
SP1,09/09/17,Sevilla,Eibar,D,Sevilla,1.0,0.0,1.0,0.0,0.0,1.0,0.0,0.0,0.0,0.0,1.0,1.0,1.0,0.0,1.0,0.0,13.0,9.0,9.0,9.0,0.0,9.0,0.0,4.0,6.0,4.0,0.0,6.0,0.0,0.0,0.0,0.0,0.0,0.0,0.0,7.0,3.0,7.0,0.0,3.0,0.0,14.0,12.0,14.0,0.0,12.0,0.0,0.0,0.0,0.0,0.0,0.0,0.0,3.0,4.0,2.0,0.0,4.0,0.0,0.0,0.0,1.0,0.0,0.0,0.0,Eibar,3.0,1.0,0.0,0.0,0.0,0.0,0.0,1.0,0.0,0.0,1.0,0.0,0.0,1.0,0.0,0.0,5.0,13.0,10.0,0.0,13.0,0.0,10.0,0.0,4.0,0.0,6.0,0.0,4.0,0.0,0.0,0.0,0.0,0.0,0.0,7.0,3.0,0.0,7.0,0.0,3.0,15.0,16.0,0.0,15.0,0.0,16.0,0.0,0.0,0.0,0.0,0.0,0.0,3.0,2.0,0.0,3.0,0.0,2.0,0.0,0.0,0.0,0.0,0.0,0.0
SP1,20/09/17,Sevilla,Las Palmas,D,Sevilla,4.0,1.0,1.0,0.0,0.0,1.0,0.0,1.0,0.0,0.0,2.0,1.0,1.0,1.0,1.0,0.0,6.0,15.0,24.0,9.0,6.0,9.0,15.0,4.0,9.0,4.0,3.0,6.0,3.0,0.0,0.0,0.0,0.0,0.0,0.0,12.0,10.0,7.0,5.0,3.0,7.0,24.0,32.0,14.0,10.0,12.0,20.0,0.0,0.0,0.0,0.0,0.0,0.0,4.0,4.0,2.0,1.0,4.0,0.0,0.0,0.0,1.0,0.0,0.0,0.0,Las Palmas,0.0,0.0,0.0,2.0,0.0,0.0,1.0,0.0,0.0,1.0,1.0,6.0,1.0,0.0,5.0,1.0,18.0,15.0,30.0,10.0,5.0,8.0,22.0,4.0,12.0,4.0,4.0,6.0,6.0,0.0,0.0,0.0,0.0,0.0,0.0,6.0,7.0,4.0,2.0,2.0,5.0,23.0,34.0,10.0,13.0,9.0,25.0,0.0,0.0,0.0,0.0,0.0,0.0,8.0,4.0,4.0,3.0,1.0,3.0,0.0,0.0,0.0,1.0,0.0,0.0
SP1,30/09/17,Sevilla,Malaga,D,Sevilla,7.0,2.0,1.0,0.0,1.0,1.0,0.0,1.0,0.0,0.0,5.0,1.0,4.0,1.0,1.0,0.0,3.0,27.0,31.0,21.0,6.0,16.0,15.0,10.0,11.0,10.0,3.0,8.0,3.0,0.0,0.0,0.0,0.0,0.0,0.0,18.0,15.0,13.0,5.0,8.0,7.0,38.0,50.0,28.0,10.0,30.0,20.0,0.0,0.0,0.0,0.0,0.0,0.0,5.0,5.0,3.0,1.0,5.0,0.0,0.0,0.0,1.0,0.0,0.0,0.0,Malaga,0.0,0.0,0.0,3.0,0.0,0.0,2.0,0.0,0.0,1.0,1.0,5.0,1.0,0.0,4.0,1.0,20.0,31.0,38.0,24.0,7.0,23.0,15.0,10.0,18.0,10.0,2.0,14.0,4.0,0.0,0.0,0.0,0.0,0.0,0.0,9.0,11.0,6.0,3.0,9.0,2.0,53.0,37.0,38.0,15.0,26.0,11.0,0.0,0.0,0.0,0.0,0.0,0.0,10.0,8.0,6.0,4.0,5.0,3.0,0.0,0.0,0.0,0.0,0.0,0.0
SP1,28/10/17,Sevilla,Leganes,H,Sevilla,10.0,3.0,1.0,0.0,1.0,1.0,0.0,2.0,0.0,0.0,6.0,1.0,4.0,2.0,1.0,0.0,2.0,40.0,44.0,21.0,19.0,16.0,28.0,10.0,11.0,10.0,11.0,8.0,3.0,0.0,0.0,0.0,0.0,0.0,0.0,19.0,23.0,13.0,6.0,8.0,15.0,57.0,64.0,28.0,29.0,30.0,34.0,0.0,0.0,0.0,0.0,0.0,0.0,10.0,7.0,3.0,6.0,5.0,2.0,0.0,0.0,1.0,0.0,0.0,0.0,Leganes,6.0,2.0,0.0,2.0,1.0,0.0,1.0,1.0,0.0,1.0,3.0,3.0,2.0,1.0,2.0,1.0,8.0,44.0,44.0,27.0,17.0,17.0,27.0,16.0,12.0,16.0,10.0,6.0,6.0,0.0,0.0,0.0,0.0,0.0,0.0,8.0,23.0,6.0,2.0,6.0,17.0,62.0,63.0,28.0,34.0,38.0,25.0,0.0,0.0,0.0,0.0,0.0,0.0,9.0,8.0,1.0,8.0,3.0,5.0,0.0,0.0,0.0,0.0,0.0,0.0
SP1,18/11/17,Sevilla,Celta,D,Sevilla,13.0,4.0,1.0,0.0,2.0,1.0,0.0,2.0,0.0,0.0,7.0,1.0,5.0,2.0,1.0,0.0,2.0,54.0,50.0,35.0,19.0,22.0,28.0,19.0,11.0,19.0,11.0,8.0,3.0,0.0,0.0,0.0,0.0,0.0,0.0,31.0,23.0,25.0,6.0,8.0,15.0,78.0,72.0,49.0,29.0,38.0,34.0,0.0,0.0,0.0,0.0,0.0,0.0,12.0,9.0,5.0,6.0,7.0,2.0,0.0,0.0,1.0,0.0,0.0,0.0,Celta,4.0,1.0,1.0,3.0,1.0,1.0,1.0,0.0,0.0,2.0,6.0,8.0,4.0,2.0,4.0,4.0,17.0,64.0,47.0,44.0,20.0,28.0,19.0,12.0,18.0,12.0,3.0,12.0,6.0,0.0,0.0,0.0,0.0,0.0,0.0,28.0,17.0,17.0,11.0,10.0,7.0,61.0,74.0,38.0,23.0,49.0,25.0,0.0,0.0,0.0,0.0,0.0,0.0,15.0,12.0,9.0,6.0,9.0,3.0,0.0,0.0,0.0,0.0,0.0,0.0
SP1,02/12/17,Sevilla,La Coruna,H,Sevilla,13.0,4.0,1.0,1.0,2.0,1.0,0.0,2.0,0.0,1.0,7.0,3.0,5.0,2.0,1.0,2.0,3.0,65.0,63.0,35.0,30.0,22.0,41.0,19.0,15.0,19.0,11.0,8.0,7.0,0.0,0.0,0.0,0.0,0.0,0.0,37.0,30.0,25.0,12.0,8.0,22.0,95.0,83.0,49.0,46.0,38.0,45.0,0.0,0.0,0.0,0.0,0.0,0.0,15.0,13.0,5.0,9.0,7.0,6.0,0.0,0.0,1.0,0.0,0.0,0.0,La Coruna,4.0,1.0,1.0,4.0,1.0,0.0,2.0,0.0,1.0,2.0,7.0,15.0,3.0,4.0,7.0,8.0,18.0,81.0,97.0,38.0,43.0,39.0,58.0,13.0,32.0,13.0,13.0,15.0,17.0,0.0,0.0,0.0,0.0,0.0,0.0,29.0,29.0,14.0,15.0,13.0,16.0,88.0,85.0,50.0,38.0,45.0,40.0,0.0,0.0,0.0,0.0,0.0,0.0,13.0,11.0,6.0,7.0,6.0,3.0,0.0,0.0,0.0,0.0,1.0,1.0
SP1,25/08/17,Sociedad,Villarreal,H,Sociedad,0.0,0.0,0.0,0.0,0.0,0.0,0.0,0.0,0.0,0.0,0.0,0.0,0.0,0.0,0.0,0.0,0.0,0.0,0.0,0.0,0.0,0.0,0.0,0.0,0.0,0.0,0.0,0.0,0.0,0.0,0.0,0.0,0.0,0.0,0.0,0.0,0.0,0.0,0.0,0.0,0.0,0.0,0.0,0.0,0.0,0.0,0.0,0.0,0.0,0.0,0.0,0.0,0.0,0.0,0.0,0.0,0.0,0.0,0.0,0.0,0.0,0.0,0.0,0.0,0.0,Villarreal,0.0,0.0,0.0,0.0,0.0,0.0,0.0,0.0,0.0,0.0,0.0,0.0,0.0,0.0,0.0,0.0,0.0,0.0,0.0,0.0,0.0,0.0,0.0,0.0,0.0,0.0,0.0,0.0,0.0,0.0,0.0,0.0,0.0,0.0,0.0,0.0,0.0,0.0,0.0,0.0,0.0,0.0,0.0,0.0,0.0,0.0,0.0,0.0,0.0,0.0,0.0,0.0,0.0,0.0,0.0,0.0,0.0,0.0,0.0,0.0,0.0,0.0,0.0,0.0,0.0
SP1,17/09/17,Sociedad,Real Madrid,A,Sociedad,3.0,1.0,0.0,0.0,0.0,0.0,0.0,1.0,0.0,0.0,3.0,2.0,0.0,3.0,0.0,2.0,4.0,13.0,16.0,0.0,13.0,0.0,16.0,0.0,5.0,0.0,6.0,0.0,5.0,0.0,0.0,0.0,0.0,0.0,0.0,4.0,5.0,0.0,4.0,0.0,5.0,11.0,12.0,0.0,11.0,0.0,12.0,0.0,0.0,0.0,0.0,0.0,0.0,1.0,3.0,0.0,1.0,0.0,3.0,0.0,0.0,0.0,0.0,0.0,0.0,Real Madrid,3.0,1.0,0.0,0.0,0.0,0.0,0.0,1.0,0.0,0.0,3.0,0.0,0.0,3.0,0.0,0.0,1.0,16.0,12.0,0.0,16.0,0.0,12.0,0.0,6.0,0.0,8.0,0.0,6.0,0.0,0.0,0.0,0.0,0.0,0.0,4.0,4.0,0.0,4.0,0.0,4.0,12.0,16.0,0.0,12.0,0.0,16.0,0.0,0.0,0.0,0.0,0.0,0.0,2.0,5.0,0.0,1.0,0.0,5.0,0.0,0.0,0.0,1.0,0.0,0.0
SP1,24/09/17,Sociedad,Valencia,D,Sociedad,6.0,2.0,0.0,0.0,1.0,0.0,0.0,1.0,0.0,0.0,6.0,2.0,3.0,3.0,0.0,2.0,1.0,28.0,22.0,15.0,13.0,6.0,16.0,9.0,6.0,9.0,6.0,1.0,5.0,0.0,0.0,0.0,0.0,0.0,0.0,14.0,9.0,10.0,4.0,4.0,5.0,23.0,34.0,12.0,11.0,22.0,12.0,0.0,0.0,0.0,0.0,0.0,0.0,3.0,5.0,2.0,1.0,2.0,3.0,0.0,0.0,0.0,0.0,0.0,0.0,Valencia,4.0,1.0,1.0,0.0,1.0,0.0,0.0,0.0,1.0,0.0,3.0,2.0,1.0,2.0,0.0,2.0,10.0,29.0,27.0,22.0,7.0,5.0,22.0,6.0,10.0,6.0,3.0,4.0,6.0,0.0,0.0,0.0,0.0,0.0,0.0,9.0,15.0,5.0,4.0,2.0,13.0,37.0,25.0,25.0,12.0,13.0,12.0,0.0,0.0,0.0,0.0,0.0,0.0,8.0,7.0,3.0,5.0,3.0,3.0,0.0,0.0,0.0,0.0,1.0,0.0
SP1,01/10/17,Sociedad,Betis,D,Sociedad,9.0,3.0,0.0,0.0,1.0,0.0,0.0,2.0,0.0,0.0,10.0,4.0,3.0,7.0,0.0,4.0,1.0,43.0,33.0,15.0,28.0,6.0,27.0,9.0,10.0,9.0,10.0,1.0,9.0,0.0,0.0,0.0,0.0,0.0,0.0,21.0,14.0,10.0,11.0,4.0,10.0,37.0,52.0,12.0,25.0,22.0,30.0,0.0,0.0,0.0,0.0,0.0,0.0,6.0,6.0,2.0,4.0,2.0,4.0,0.0,0.0,0.0,0.0,0.0,0.0,Betis,3.0,1.0,0.0,2.0,1.0,0.0,0.0,0.0,0.0,2.0,3.0,6.0,2.0,1.0,1.0,5.0,15.0,21.0,38.0,10.0,11.0,9.0,29.0,3.0,11.0,3.0,3.0,2.0,9.0,0.0,0.0,0.0,0.0,0.0,0.0,7.0,18.0,4.0,3.0,6.0,12.0,37.0,34.0,13.0,24.0,9.0,25.0,0.0,0.0,0.0,0.0,0.0,0.0,3.0,7.0,2.0,1.0,2.0,5.0,0.0,0.0,0.0,0.0,0.0,0.0
SP1,23/10/17,Sociedad,Espanol,A,Sociedad,9.0,3.0,0.0,1.0,1.0,0.0,1.0,2.0,0.0,0.0,11.0,7.0,4.0,7.0,3.0,4.0,3.0,53.0,51.0,25.0,28.0,24.0,27.0,14.0,16.0,14.0,10.0,7.0,9.0,0.0,0.0,0.0,0.0,0.0,0.0,25.0,20.0,14.0,11.0,10.0,10.0,49.0,67.0,24.0,25.0,37.0,30.0,0.0,0.0,0.0,0.0,0.0,0.0,9.0,8.0,5.0,4.0,4.0,4.0,0.0,0.0,0.0,0.0,0.0,0.0,Espanol,4.0,1.0,1.0,2.0,1.0,0.0,1.0,0.0,1.0,1.0,3.0,8.0,2.0,1.0,2.0,6.0,14.0,44.0,52.0,26.0,18.0,23.0,29.0,5.0,22.0,5.0,7.0,9.0,13.0,0.0,0.0,0.0,0.0,0.0,0.0,22.0,21.0,12.0,10.0,6.0,15.0,52.0,53.0,22.0,30.0,28.0,25.0,0.0,0.0,0.0,0.0,0.0,0.0,13.0,11.0,4.0,9.0,7.0,3.0,0.0,0.0,0.0,0.0,0.0,1.0
SP1,05/11/17,Sociedad,Eibar,H,Sociedad,9.0,3.0,0.0,2.0,1.0,0.0,1.0,2.0,0.0,1.0,11.0,10.0,4.0,7.0,3.0,7.0,5.0,66.0,64.0,25.0,41.0,24.0,40.0,14.0,25.0,14.0,13.0,7.0,18.0,0.0,0.0,0.0,0.0,0.0,0.0,31.0,23.0,14.0,17.0,10.0,13.0,60.0,80.0,24.0,36.0,37.0,43.0,0.0,0.0,0.0,0.0,0.0,0.0,10.0,10.0,5.0,4.0,4.0,6.0,0.0,0.0,0.0,1.0,0.0,0.0,Eibar,6.0,2.0,0.0,3.0,1.0,0.0,1.0,1.0,0.0,2.0,3.0,10.0,1.0,2.0,1.0,9.0,13.0,57.0,48.0,24.0,33.0,15.0,33.0,9.0,26.0,9.0,12.0,6.0,20.0,0.0,0.0,0.0,0.0,0.0,0.0,31.0,20.0,12.0,19.0,4.0,16.0,71.0,65.0,29.0,42.0,31.0,34.0,0.0,0.0,0.0,0.0,0.0,0.0,10.0,9.0,3.0,6.0,6.0,3.0,0.0,0.0,1.0,0.0,0.0,0.0
SP1,26/11/17,Sociedad,Las Palmas,D,Sociedad,9.0,3.0,0.0,3.0,1.0,0.0,2.0,2.0,0.0,1.0,13.0,13.0,6.0,7.0,6.0,7.0,9.0,84.0,77.0,43.0,41.0,37.0,40.0,20.0,29.0,20.0,13.0,11.0,18.0,0.0,0.0,0.0,0.0,0.0,0.0,38.0,29.0,21.0,17.0,16.0,13.0,71.0,93.0,35.0,36.0,50.0,43.0,0.0,0.0,0.0,0.0,0.0,0.0,14.0,18.0,8.0,4.0,11.0,6.0,0.0,0.0,1.0,1.0,1.0,0.0,Las Palmas,6.0,2.0,0.0,4.0,1.0,0.0,2.0,1.0,0.0,2.0,5.0,10.0,2.0,3.0,7.0,3.0,16.0,51.0,78.0,30.0,21.0,28.0,50.0,10.0,35.0,10.0,12.0,14.0,21.0,0.0,0.0,0.0,0.0,0.0,0.0,18.0,30.0,14.0,4.0,10.0,20.0,64.0,111.0,32.0,32.0,43.0,68.0,0.0,0.0,0.0,0.0,0.0,0.0,15.0,16.0,7.0,7.0,7.0,9.0,0.0,0.0,0.0,1.0,0.0,0.0
SP1,18/08/17,Valencia,Las Palmas,H,Valencia,0.0,0.0,0.0,0.0,0.0,0.0,0.0,0.0,0.0,0.0,0.0,0.0,0.0,0.0,0.0,0.0,0.0,0.0,0.0,0.0,0.0,0.0,0.0,0.0,0.0,0.0,0.0,0.0,0.0,0.0,0.0,0.0,0.0,0.0,0.0,0.0,0.0,0.0,0.0,0.0,0.0,0.0,0.0,0.0,0.0,0.0,0.0,0.0,0.0,0.0,0.0,0.0,0.0,0.0,0.0,0.0,0.0,0.0,0.0,0.0,0.0,0.0,0.0,0.0,0.0,Las Palmas,0.0,0.0,0.0,0.0,0.0,0.0,0.0,0.0,0.0,0.0,0.0,0.0,0.0,0.0,0.0,0.0,0.0,0.0,0.0,0.0,0.0,0.0,0.0,0.0,0.0,0.0,0.0,0.0,0.0,0.0,0.0,0.0,0.0,0.0,0.0,0.0,0.0,0.0,0.0,0.0,0.0,0.0,0.0,0.0,0.0,0.0,0.0,0.0,0.0,0.0,0.0,0.0,0.0,0.0,0.0,0.0,0.0,0.0,0.0,0.0,0.0,0.0,0.0,0.0,0.0
SP1,09/09/17,Valencia,Ath Madrid,D,Valencia,3.0,1.0,0.0,0.0,1.0,0.0,0.0,0.0,0.0,0.0,1.0,0.0,1.0,0.0,0.0,0.0,3.0,22.0,5.0,22.0,0.0,5.0,0.0,6.0,4.0,6.0,0.0,4.0,0.0,0.0,0.0,0.0,0.0,0.0,0.0,5.0,2.0,5.0,0.0,2.0,0.0,25.0,13.0,25.0,0.0,13.0,0.0,0.0,0.0,0.0,0.0,0.0,0.0,3.0,4.0,3.0,0.0,3.0,0.0,0.0,0.0,0.0,0.0,1.0,0.0,Ath Madrid,1.0,0.0,1.0,0.0,0.0,0.0,0.0,0.0,1.0,0.0,2.0,2.0,0.0,2.0,0.0,2.0,8.0,9.0,13.0,0.0,9.0,0.0,13.0,0.0,6.0,0.0,3.0,0.0,6.0,0.0,0.0,0.0,0.0,0.0,0.0,0.0,6.0,0.0,0.0,0.0,6.0,15.0,15.0,0.0,15.0,0.0,15.0,0.0,0.0,0.0,0.0,0.0,0.0,5.0,2.0,0.0,4.0,0.0,2.0,0.0,0.0,0.0,1.0,0.0,0.0
SP1,19/09/17,Valencia,Malaga,H,Valencia,4.0,1.0,1.0,0.0,1.0,0.0,0.0,0.0,1.0,0.0,3.0,2.0,1.0,2.0,0.0,2.0,10.0,29.0,27.0,22.0,7.0,5.0,22.0,6.0,10.0,6.0,3.0,4.0,6.0,0.0,0.0,0.0,0.0,0.0,0.0,9.0,15.0,5.0,4.0,2.0,13.0,37.0,25.0,25.0,12.0,13.0,12.0,0.0,0.0,0.0,0.0,0.0,0.0,8.0,7.0,3.0,5.0,3.0,3.0,0.0,0.0,0.0,0.0,1.0,0.0,Malaga,0.0,0.0,0.0,2.0,0.0,0.0,1.0,0.0,0.0,1.0,0.0,2.0,0.0,0.0,1.0,1.0,17.0,17.0,28.0,10.0,7.0,13.0,15.0,4.0,10.0,4.0,2.0,6.0,4.0,0.0,0.0,0.0,0.0,0.0,0.0,6.0,9.0,3.0,3.0,7.0,2.0,31.0,26.0,16.0,15.0,15.0,11.0,0.0,0.0,0.0,0.0,0.0,0.0,6.0,6.0,2.0,4.0,3.0,3.0,0.0,0.0,0.0,0.0,0.0,0.0
SP1,01/10/17,Valencia,Ath Bilbao,H,Valencia,5.0,1.0,2.0,0.0,1.0,1.0,0.0,0.0,1.0,0.0,3.0,2.0,1.0,2.0,0.0,2.0,9.0,40.0,40.0,33.0,7.0,18.0,22.0,6.0,14.0,6.0,3.0,8.0,6.0,0.0,0.0,0.0,0.0,0.0,0.0,13.0,18.0,9.0,4.0,5.0,13.0,53.0,39.0,41.0,12.0,27.0,12.0,0.0,0.0,0.0,0.0,0.0,0.0,9.0,7.0,4.0,5.0,3.0,3.0,0.0,0.0,0.0,0.0,1.0,0.0,Ath Bilbao,7.0,2.0,1.0,0.0,1.0,1.0,0.0,1.0,0.0,0.0,3.0,0.0,2.0,1.0,0.0,0.0,4.0,29.0,33.0,19.0,10.0,19.0,14.0,6.0,14.0,6.0,4.0,9.0,5.0,0.0,0.0,0.0,0.0,0.0,0.0,16.0,14.0,13.0,3.0,10.0,4.0,46.0,47.0,35.0,11.0,33.0,14.0,0.0,0.0,0.0,0.0,0.0,0.0,6.0,12.0,5.0,1.0,9.0,1.0,0.0,0.0,0.0,0.0,1.0,1.0
SP1,21/10/17,Valencia,Sevilla,H,Valencia,6.0,1.0,3.0,0.0,1.0,1.0,0.0,0.0,2.0,0.0,4.0,3.0,1.0,3.0,0.0,3.0,10.0,53.0,49.0,33.0,20.0,18.0,31.0,6.0,16.0,6.0,8.0,8.0,8.0,0.0,0.0,0.0,0.0,0.0,0.0,16.0,19.0,9.0,7.0,5.0,14.0,64.0,60.0,41.0,23.0,27.0,33.0,0.0,0.0,0.0,0.0,0.0,0.0,10.0,9.0,4.0,6.0,3.0,5.0,0.0,0.0,0.0,0.0,1.0,0.0,Sevilla,10.0,3.0,1.0,0.0,1.0,1.0,0.0,2.0,0.0,0.0,6.0,1.0,4.0,2.0,1.0,0.0,2.0,40.0,44.0,21.0,19.0,16.0,28.0,10.0,11.0,10.0,11.0,8.0,3.0,0.0,0.0,0.0,0.0,0.0,0.0,19.0,23.0,13.0,6.0,8.0,15.0,57.0,64.0,28.0,29.0,30.0,34.0,0.0,0.0,0.0,0.0,0.0,0.0,10.0,7.0,3.0,6.0,5.0,2.0,0.0,0.0,1.0,0.0,0.0,0.0
SP1,04/11/17,Valencia,Leganes,H,Valencia,9.0,2.0,3.0,0.0,2.0,1.0,0.0,0.0,2.0,0.0,9.0,3.0,6.0,3.0,0.0,3.0,7.0,69.0,60.0,49.0,20.0,29.0,31.0,17.0,18.0,17.0,8.0,10.0,8.0,0.0,0.0,0.0,0.0,0.0,0.0,20.0,28.0,13.0,7.0,14.0,14.0,73.0,70.0,50.0,23.0,37.0,33.0,0.0,0.0,0.0,0.0,0.0,0.0,10.0,10.0,4.0,6.0,4.0,5.0,0.0,0.0,0.0,0.0,1.0,0.0,Leganes,7.0,2.0,1.0,2.0,1.0,1.0,1.0,1.0,0.0,1.0,3.0,3.0,2.0,1.0,2.0,1.0,10.0,56.0,54.0,39.0,17.0,27.0,27.0,17.0,12.0,17.0,10.0,6.0,6.0,0.0,0.0,0.0,0.0,0.0,0.0,14.0,26.0,12.0,2.0,9.0,17.0,81.0,83.0,47.0,34.0,58.0,25.0,0.0,0.0,0.0,0.0,0.0,0.0,11.0,11.0,3.0,8.0,6.0,5.0,0.0,0.0,0.0,0.0,0.0,0.0
SP1,26/11/17,Valencia,Barcelona,D,Valencia,12.0,3.0,3.0,0.0,2.0,1.0,0.0,1.0,2.0,0.0,12.0,5.0,6.0,6.0,0.0,5.0,5.0,82.0,78.0,49.0,33.0,29.0,49.0,17.0,24.0,17.0,12.0,10.0,14.0,0.0,0.0,0.0,0.0,0.0,0.0,26.0,35.0,13.0,13.0,14.0,21.0,86.0,81.0,50.0,36.0,37.0,44.0,0.0,0.0,0.0,0.0,0.0,0.0,18.0,14.0,4.0,13.0,4.0,8.0,0.0,0.0,0.0,1.0,1.0,1.0,Barcelona,18.0,6.0,0.0,0.0,3.0,0.0,0.0,3.0,0.0,0.0,20.0,2.0,13.0,7.0,1.0,1.0,1.0,85.0,62.0,46.0,39.0,25.0,37.0,21.0,13.0,21.0,21.0,5.0,8.0,0.0,0.0,0.0,0.0,0.0,0.0,44.0,27.0,23.0,21.0,14.0,13.0,60.0,90.0,31.0,29.0,42.0,48.0,0.0,0.0,0.0,0.0,0.0,0.0,10.0,15.0,3.0,7.0,8.0,7.0,0.0,0.0,0.0,0.0,0.0,0.0
SP1,10/09/17,Villarreal,Betis,D,Villarreal,0.0,0.0,0.0,0.0,0.0,0.0,0.0,0.0,0.0,0.0,0.0,0.0,0.0,0.0,0.0,0.0,0.0,0.0,0.0,0.0,0.0,0.0,0.0,0.0,0.0,0.0,0.0,0.0,0.0,0.0,0.0,0.0,0.0,0.0,0.0,0.0,0.0,0.0,0.0,0.0,0.0,0.0,0.0,0.0,0.0,0.0,0.0,0.0,0.0,0.0,0.0,0.0,0.0,0.0,0.0,0.0,0.0,0.0,0.0,0.0,0.0,0.0,0.0,0.0,0.0,Betis,0.0,0.0,0.0,0.0,0.0,0.0,0.0,0.0,0.0,0.0,0.0,0.0,0.0,0.0,0.0,0.0,0.0,0.0,0.0,0.0,0.0,0.0,0.0,0.0,0.0,0.0,0.0,0.0,0.0,0.0,0.0,0.0,0.0,0.0,0.0,0.0,0.0,0.0,0.0,0.0,0.0,0.0,0.0,0.0,0.0,0.0,0.0,0.0,0.0,0.0,0.0,0.0,0.0,0.0,0.0,0.0,0.0,0.0,0.0,0.0,0.0,0.0,0.0,0.0,0.0
SP1,21/09/17,Villarreal,Espanol,D,Villarreal,0.0,0.0,0.0,1.0,0.0,0.0,0.0,0.0,0.0,1.0,0.0,1.0,0.0,0.0,0.0,1.0,20.0,9.0,14.0,0.0,9.0,0.0,14.0,0.0,3.0,0.0,1.0,0.0,3.0,0.0,0.0,0.0,0.0,0.0,0.0,6.0,11.0,0.0,6.0,0.0,11.0,14.0,18.0,0.0,14.0,0.0,18.0,0.0,0.0,0.0,0.0,0.0,0.0,3.0,1.0,0.0,3.0,0.0,1.0,0.0,0.0,0.0,0.0,0.0,0.0,Espanol,1.0,0.0,1.0,0.0,0.0,0.0,0.0,0.0,1.0,0.0,1.0,1.0,0.0,1.0,0.0,1.0,9.0,9.0,9.0,0.0,9.0,0.0,9.0,0.0,4.0,0.0,6.0,0.0,4.0,0.0,0.0,0.0,0.0,0.0,0.0,3.0,7.0,0.0,3.0,0.0,7.0,12.0,14.0,0.0,12.0,0.0,14.0,0.0,0.0,0.0,0.0,0.0,0.0,4.0,3.0,0.0,4.0,0.0,2.0,0.0,0.0,0.0,0.0,0.0,1.0
SP1,01/10/17,Villarreal,Eibar,H,Villarreal,0.0,0.0,0.0,2.0,0.0,0.0,0.0,0.0,0.0,2.0,0.0,4.0,0.0,0.0,0.0,4.0,20.0,15.0,29.0,0.0,15.0,0.0,29.0,0.0,12.0,0.0,2.0,0.0,12.0,0.0,0.0,0.0,0.0,0.0,0.0,10.0,21.0,0.0,10.0,0.0,21.0,36.0,30.0,0.0,36.0,0.0,30.0,0.0,0.0,0.0,0.0,0.0,0.0,5.0,3.0,0.0,5.0,0.0,3.0,0.0,0.0,0.0,0.0,0.0,0.0,Eibar,3.0,1.0,0.0,1.0,0.0,0.0,1.0,1.0,0.0,0.0,1.0,1.0,0.0,1.0,1.0,0.0,11.0,27.0,20.0,14.0,13.0,10.0,10.0,5.0,8.0,5.0,6.0,4.0,4.0,0.0,0.0,0.0,0.0,0.0,0.0,11.0,6.0,4.0,7.0,3.0,3.0,29.0,27.0,14.0,15.0,11.0,16.0,0.0,0.0,0.0,0.0,0.0,0.0,5.0,3.0,1.0,3.0,1.0,2.0,0.0,0.0,1.0,0.0,0.0,0.0
SP1,22/10/17,Villarreal,Las Palmas,D,Villarreal,3.0,1.0,0.0,2.0,1.0,0.0,0.0,0.0,0.0,2.0,3.0,5.0,3.0,0.0,1.0,4.0,16.0,29.0,37.0,14.0,15.0,8.0,29.0,7.0,15.0,7.0,2.0,3.0,12.0,0.0,0.0,0.0,0.0,0.0,0.0,14.0,24.0,4.0,10.0,3.0,21.0,45.0,39.0,9.0,36.0,9.0,30.0,0.0,0.0,0.0,0.0,0.0,0.0,8.0,3.0,3.0,5.0,0.0,3.0,0.0,0.0,0.0,0.0,0.0,0.0,Las Palmas,3.0,1.0,0.0,2.0,0.0,0.0,1.0,1.0,0.0,1.0,4.0,7.0,1.0,3.0,5.0,2.0,13.0,25.0,44.0,10.0,15.0,8.0,36.0,4.0,18.0,4.0,12.0,6.0,12.0,0.0,0.0,0.0,0.0,0.0,0.0,8.0,10.0,4.0,4.0,2.0,8.0,34.0,56.0,10.0,24.0,9.0,47.0,0.0,0.0,0.0,0.0,0.0,0.0,10.0,8.0,4.0,5.0,1.0,7.0,0.0,0.0,0.0,1.0,0.0,0.0
SP1,05/11/17,Villarreal,Malaga,D,Villarreal,6.0,2.0,0.0,2.0,1.0,0.0,0.0,1.0,0.0,2.0,6.0,5.0,3.0,3.0,1.0,4.0,11.0,45.0,53.0,14.0,31.0,8.0,45.0,7.0,17.0,7.0,8.0,3.0,14.0,0.0,0.0,0.0,0.0,0.0,0.0,17.0,26.0,4.0,13.0,3.0,23.0,70.0,51.0,9.0,61.0,9.0,42.0,0.0,0.0,0.0,0.0,0.0,0.0,10.0,5.0,3.0,7.0,0.0,5.0,0.0,0.0,0.0,0.0,0.0,0.0,Malaga,0.0,0.0,0.0,4.0,0.0,0.0,2.0,0.0,0.0,2.0,1.0,6.0,1.0,0.0,4.0,2.0,20.0,40.0,55.0,24.0,16.0,23.0,32.0,10.0,22.0,10.0,6.0,14.0,8.0,0.0,0.0,0.0,0.0,0.0,0.0,13.0,19.0,6.0,7.0,9.0,10.0,68.0,46.0,38.0,30.0,26.0,20.0,0.0,0.0,0.0,0.0,0.0,0.0,12.0,10.0,6.0,6.0,5.0,5.0,0.0,0.0,0.0,0.0,0.0,0.0
SP1,26/11/17,Villarreal,Sevilla,H,Villarreal,7.0,2.0,1.0,2.0,1.0,1.0,0.0,1.0,0.0,2.0,6.0,5.0,3.0,3.0,1.0,4.0,9.0,59.0,63.0,28.0,31.0,18.0,45.0,12.0,20.0,12.0,8.0,6.0,14.0,0.0,0.0,0.0,0.0,0.0,0.0,22.0,31.0,9.0,13.0,8.0,23.0,87.0,61.0,26.0,61.0,19.0,42.0,0.0,0.0,0.0,0.0,0.0,0.0,15.0,7.0,8.0,7.0,2.0,5.0,0.0,0.0,0.0,0.0,0.0,0.0,Sevilla,13.0,4.0,1.0,0.0,2.0,1.0,0.0,2.0,0.0,0.0,7.0,1.0,5.0,2.0,1.0,0.0,2.0,54.0,50.0,35.0,19.0,22.0,28.0,19.0,11.0,19.0,11.0,8.0,3.0,0.0,0.0,0.0,0.0,0.0,0.0,31.0,23.0,25.0,6.0,8.0,15.0,78.0,72.0,49.0,29.0,38.0,34.0,0.0,0.0,0.0,0.0,0.0,0.0,12.0,9.0,5.0,6.0,7.0,2.0,0.0,0.0,1.0,0.0,0.0,0.0
